longitude,latitude,traffic_source,x2024_02_13,x2024_02_14,x2024_02_15,x2024_02_16,x2024_02_17,x2024_02_18,x2024_02_19,x2024_02_20,x2024_02_21,x2024_02_22,x2024_02_23,x2024_02_24,x2024_02_25,x2024_02_26,x2024_02_27,x2024_02_28,x2024_02_29,x2024_03_01,x2024_03_02,x2024_03_03,x2024_03_04,x2024_03_05,x2024_03_06,x2024_03_07,x2024_03_08,x2024_03_09,x2024_03_10,x2024_03_11,x2024_03_12,x2024_03_13,average_vehicle_count
-73.57370733,45.54115543,Montreal,326,210,210,240,239,161,236,208,256,259,285,38,165,292,419,546,242,308,235,191,168,241,261,258,164,234,163,230,270,432,250
-73.60500716,45.53397851,Montreal,1078,795,786,928,665,376,503,417,508,568,564,547,515,482,450,418,582,726,750,774,799,823,535,572,597,452,260,497,467,432,596
-73.62317,45.52345,Montreal,894,634,673,360,664,624,570,593,673,635,681,403,458,513,568,622,780,832,831,777,677,660,501,701,570,725,647,620,867,1440,673
-73.59767,45.46293,Montreal,340,252,317,216,284,278,213,307,218,307,299,134,204,274,343,413,435,421,310,230,367,407,302,380,320,290,202,272,489,1152,333
-73.60553,45.52373,Montreal,440,529,549,512,599,708,633,640,536,616,586,326,409,491,573,655,790,707,485,929,529,375,761,641,574,465,681,503,626,1008,596
-73.6373,45.55545,Montreal,566,337,423,352,446,304,294,311,358,390,462,77,133,190,246,303,408,465,363,341,268,371,322,313,367,325,248,323,383,432,337
-73.60702,45.54786,Montreal,1125,1158,1033,568,1123,1317,1273,1362,1329,1480,1366,902,964,1025,1086,1147,1330,1272,1193,1031,1430,1406,1476,1390,1230,1145,1051,1208,1388,1728,1218
-73.59494,45.53499,Montreal,392,316,497,464,436,475,344,417,424,498,477,394,426,457,489,521,448,482,489,535,586,625,549,586,626,616,431,528,443,576,485
-73.56511,45.6363,Montreal,900,502,522,256,243,212,465,423,571,426,467,106,216,326,436,546,580,535,320,164,594,740,693,570,555,256,155,523,586,720,454
-73.50855,45.58451,Montreal,420,244,368,296,177,109,246,301,371,314,402,96,186,276,367,457,373,412,264,178,387,521,254,277,415,190,101,282,433,720,315
-73.59017,45.53259,Montreal,266,318,322,256,193,148,244,326,361,341,298,58,98,139,180,221,106,157,53,67,93,187,117,217,193,104,63,237,437,576,213
-73.6119394,45.53714224,Montreal,746,805,769,968,820,932,770,883,992,997,993,1018,962,907,852,797,960,1066,1036,783,916,955,1042,881,821,851,563,692,744,720,875
-73.51073,45.65287,Montreal,382,526,700,608,620,461,359,505,589,555,634,38,201,364,527,690,678,866,619,610,724,931,425,697,679,612,361,597,804,1296,589
-73.59186,45.58368,Montreal,1243,1064,1143,968,976,1002,965,942,891,1059,1126,144,365,586,807,1028,1088,1315,1056,1057,1107,1240,1049,997,1045,883,909,1030,1053,1296,981
-73.5805,45.5533,Montreal,1080,769,828,880,1117,1177,989,870,904,1097,1187,854,847,839,832,824,1106,1215,1241,1189,1040,1249,850,1046,1105,875,864,935,1248,1872,1031
-73.59911,45.61365,Montreal,752,741,812,376,561,379,620,724,600,670,731,134,257,380,503,626,634,753,457,371,582,773,631,668,561,468,265,370,311,576,543
-73.69248,45.44193,Montreal,978,449,529,384,388,305,453,410,330,445,381,58,232,406,580,755,473,519,483,363,550,574,453,438,478,426,262,361,619,1008,470
-73.55385,45.6435,Montreal,202,199,288,80,111,88,136,213,226,196,269,10,52,94,136,179,262,242,126,122,233,391,185,263,262,136,30,181,181,181,176
-73.650035,45.531499,Montreal,158,101,131,200,134,71,88,142,88,118,101,105,110,115,119,124,95,157,62,122,114,142,72,116,65,80,25,57,57,57,104
-73.54546,45.48718,Montreal,105,110,162,40,64,63,106,136,148,204,93,38,54,69,84,99,130,105,107,101,112,95,48,66,104,84,58,61,61,61,92
-73.60501425,45.53936362,Montreal,810,576,614,472,503,488,551,523,570,563,586,326,406,485,564,643,598,655,588,560,642,695,576,668,593,655,397,424,482,720,564
-73.55887,45.47922,Montreal,940,517,681,600,811,733,629,680,633,783,893,1027,962,897,832,766,718,849,1066,989,757,953,549,609,598,1139,779,681,743,1008,794
-73.58447,45.48945,Montreal,722,540,559,344,405,230,365,472,532,494,560,117,250,384,517,650,460,503,381,381,786,1022,605,501,473,386,336,552,715,1152,513
-73.66841,45.55524,Montreal,510,803,844,608,895,578,812,885,888,857,926,211,416,620,824,1029,798,908,529,570,692,864,514,837,843,818,551,814,1110,1872,781
-73.54975,45.52127,Montreal,972,527,664,504,527,348,411,493,576,681,733,326,415,503,592,680,678,814,564,604,462,757,720,741,733,556,392,571,599,576,591
-73.57747,45.53754,Montreal,776,739,814,664,613,650,655,783,843,1034,1056,576,659,742,826,909,1116,1080,850,807,921,1170,953,1110,815,643,599,896,760,720,826
-73.50887,45.58849,Montreal,142,249,288,128,182,215,286,294,307,354,416,48,123,198,273,348,318,375,325,436,389,513,281,394,288,340,226,355,439,864,313
-73.53853,45.59093,Montreal,604,745,864,448,588,407,609,858,679,686,768,106,236,366,496,626,646,833,519,485,623,852,562,799,774,524,270,625,1232,1872,657
-73.55459,45.5864,Montreal,186,280,297,304,399,251,326,324,364,378,319,326,312,297,283,268,345,346,231,383,343,316,274,290,338,304,187,175,439,1008,330
-73.61191,45.54255,Montreal,1456,419,490,440,321,346,326,445,381,371,459,67,160,252,345,437,460,502,410,320,367,529,336,467,490,399,316,317,444,720,426
-73.57132,45.50836,Montreal,980,849,898,544,638,485,895,754,818,972,1147,461,596,732,867,1003,1114,1093,919,984,1037,996,1035,1018,1257,1153,833,876,777,864,887
-73.57614485,45.51380893,Montreal,,,,,,,,,,,,,,,,,,,,,,,,,,,,,,,
-73.5574,45.5051,Montreal,502,332,385,304,342,244,321,430,459,560,413,250,273,296,319,343,316,447,363,320,381,406,206,373,378,746,706,643,776,1296,438
-73.55765,45.50478,Montreal,1056,604,786,800,816,657,760,767,655,696,795,326,431,536,640,745,664,857,673,475,779,929,528,752,687,666,477,646,853,1296,712
-73.55227,45.48687,Montreal,486,248,632,200,276,237,309,422,423,429,380,29,135,240,346,452,405,469,256,193,347,475,274,358,355,306,271,374,708,1440,383
-73.59761,45.52043,Montreal,1028,792,968,1112,845,776,755,883,850,977,981,960,926,892,858,824,956,1021,1113,1040,819,925,933,934,982,1063,824,724,742,864,912
-73.52047,45.58918,Montreal,82,129,88,216,43,14,54,52,35,44,110,10,34,59,83,108,133,127,41,101,160,209,96,179,140,93,26,96,242,288,103
-73.55737,45.52815,Montreal,778,568,823,528,710,432,623,576,614,735,762,463,494,524,555,586,868,919,745,685,771,929,699,785,733,639,548,680,867,1152,693
-73.546,45.52947,Montreal,1134,976,1210,1160,1191,1076,1056,985,1090,1206,1091,970,967,964,961,958,1072,1139,1140,1107,1097,1085,1118,1173,1178,1174,1019,1158,1318,1728,1117
-73.56739,45.53279,Montreal,340,282,446,112,200,97,236,322,364,364,379,58,151,245,338,432,362,445,294,174,286,160,295,240,219,209,90,255,416,720,284
-73.57244,45.53519,Montreal,1250,1031,1172,1000,1039,1002,843,923,927,1073,1224,739,800,861,922,983,1278,1248,1115,1038,1239,1358,953,1179,1238,1008,933,943,1091,1440,1062
-73.56882,45.53903,Montreal,300,260,302,232,206,146,246,231,290,293,282,202,229,257,285,313,342,306,174,152,268,341,199,292,301,186,148,246,274,288,253
-73.86490461,45.48502839,Montreal,1164,602,772,616,589,531,608,623,644,670,690,48,216,384,552,720,638,725,592,608,596,794,734,645,628,658,531,652,766,1008,633
-73.60835,45.55182,Montreal,732,781,878,928,1014,961,862,1006,1029,964,1120,1315,1199,1082,966,849,1058,1119,1280,1251,1004,1012,1159,1060,1002,1237,947,968,954,576,1010
-73.59143,45.54067,Montreal,642,748,648,968,950,1043,814,898,847,799,1002,576,673,770,866,963,946,1023,878,892,943,884,754,904,935,869,591,909,1054,1440,874
-73.5791,45.64946,Montreal,550,213,508,176,477,549,319,328,350,455,411,154,257,360,463,566,594,554,572,606,483,714,528,541,428,544,237,267,653,864,457
-73.56146,45.65078,Montreal,474,320,346,168,130,75,169,182,223,249,250,77,208,339,470,601,432,308,132,158,416,469,226,415,325,159,61,292,605,1152,314
-73.61805,45.52911,Montreal,628,506,612,424,432,364,441,553,502,482,523,51,216,381,545,710,570,559,408,314,450,554,432,484,496,424,323,442,672,1440,498
-73.6329,45.57405,Montreal,1207,796,1156,856,1079,922,799,837,829,997,1171,826,876,927,977,1028,1286,1292,1471,1276,1016,1267,857,1019,851,1181,1069,1110,937,720,1021
-73.60209,45.52737,Montreal,900,381,518,520,559,411,298,333,366,401,526,701,662,624,585,546,686,655,542,544,373,444,501,474,467,434,401,289,424,576,505
-73.55472,45.55464,Montreal,344,438,524,568,442,383,503,457,555,519,548,163,320,476,633,790,594,622,450,414,487,752,747,609,600,443,367,489,559,576,512
-73.61579,45.46438,Montreal,696,485,466,448,473,272,413,426,630,864,898,768,757,746,736,725,714,799,655,596,706,815,562,792,718,604,292,468,827,1296,655
-73.51509,45.57733,Montreal,424,282,328,85,123,105,234,282,253,312,322,38,119,200,281,362,268,384,176,164,310,410,185,244,245,149,91,266,431,864,265
-73.59438775,45.51899335,Montreal,1226,1022,957,1248,964,584,755,921,970,966,1064,499,647,795,943,1090,908,1063,925,809,669,976,891,1004,1027,864,698,763,1095,1872,941
-73.60015,45.46639,Montreal,158,146,153,59,69,51,113,104,99,160,117,29,69,109,149,189,114,105,85,76,93,119,86,136,84,58,43,98,137,144,105
-73.5734,45.50499,Montreal,1882,938,891,864,868,555,801,896,935,934,854,538,648,758,868,978,900,946,726,629,742,978,1022,885,921,981,874,797,1011,1440,902
-73.56959,45.53051,Montreal,494,476,360,336,446,292,440,495,576,532,498,106,219,333,447,561,534,576,424,379,513,637,267,524,613,892,273,524,932,1584,509
-73.5484,45.55259,Montreal,562,318,313,200,269,255,48,,,,,,,,,,,,,,,,,,,,,,,,281
-73.598,45.54717,Montreal,1102,1057,1042,1056,998,1115,911,1072,980,971,984,854,919,983,1048,1112,1094,1067,1124,1172,1053,1036,1200,1167,1102,1093,884,879,840,720,1021
-73.61226,45.53185,Montreal,672,329,310,440,332,309,298,325,367,487,453,58,145,232,320,407,524,535,420,385,509,485,411,415,558,656,750,900,1031,1296,479
-73.63757,45.54626,Montreal,322,172,233,112,156,86,129,144,171,105,205,19,67,114,161,209,158,201,130,203,322,296,453,476,408,337,245,418,613,1296,265
-73.70748,45.52224,Montreal,422,616,754,400,502,401,511,623,568,634,642,106,232,358,484,611,722,663,617,552,675,905,857,829,754,602,461,760,1104,2016,646
-73.58174897,45.53951243,Montreal,1120,858,986,792,752,582,605,582,587,877,916,461,578,695,812,929,1052,1168,974,1030,1132,1288,830,1029,988,1035,739,825,666,1152,868
-73.69983,45.51743,Montreal,720,404,295,208,144,531,879,937,911,864,854,202,342,483,624,765,948,912,882,740,681,647,713,797,805,472,258,289,267,576,605
-73.61964,45.54577,Montreal,122,179,187,136,184,125,150,157,184,199,214,58,161,265,368,472,534,659,225,290,335,393,405,421,347,234,187,279,279,279,268
-73.59406,45.47528,Montreal,472,238,243,248,191,175,255,405,231,293,301,86,137,187,238,288,292,216,237,268,237,359,261,236,224,237,108,245,345,576,261
-73.55744,45.49323,Montreal,1122,1105,1166,1288,1257,1000,1112,1209,1241,1196,1355,1317,1285,1254,1223,1192,1260,1285,1227,1213,1059,1310,1481,1190,1446,1206,1053,1079,1587,2304,1267
-73.60255,45.57158,Montreal,382,366,457,304,430,418,378,432,383,489,586,269,342,415,488,561,826,899,791,667,606,677,302,401,439,517,677,834,1129,1872,578
-73.68815,45.51015,Montreal,570,686,781,824,654,475,641,705,665,709,816,134,329,524,719,914,808,864,613,631,663,821,747,818,647,451,245,588,759,1008,660
-73.69284,45.51307,Montreal,656,737,860,536,646,496,655,784,734,735,666,67,237,406,575,745,736,768,584,531,594,830,542,712,466,505,417,518,800,1584,637
-73.63764,45.49428,Montreal,242,160,155,168,186,88,154,157,132,199,178,10,58,107,155,204,272,659,639,556,550,552,439,495,535,576,511,488,584,864,336
-73.66733,45.55837,Montreal,1184,919,936,992,1166,860,751,913,1026,1103,1160,1123,1064,1005,946,887,1008,1080,1213,1381,892,1045,1461,1023,1002,1217,1036,854,875,720,1028
-73.60736,45.47046,Montreal,506,714,846,400,477,531,580,574,401,668,645,586,628,671,713,756,918,753,381,438,773,1099,792,769,799,563,396,650,760,1152,665
-73.62478819,45.48862608,Montreal,1008,766,763,640,858,685,731,774,755,798,928,691,715,739,763,787,748,848,965,922,878,889,617,669,761,882,661,757,944,1440,813
-73.65344,45.56824,Montreal,1434,980,1044,992,866,794,953,1042,1045,1100,1176,442,465,489,513,536,534,609,560,548,499,1057,1083,1156,1043,910,748,1130,1093,1296,871
-73.61811,45.59023,Montreal,442,489,598,456,451,319,397,453,344,574,651,288,370,453,535,617,624,709,505,416,769,854,480,610,632,506,343,582,787,1152,547
-73.58744,45.51886,Montreal,1358,1014,1035,1344,1162,1047,893,1033,1100,1061,1149,758,829,901,972,1043,1032,1202,1902,1862,1610,1724,1454,1584,1590,1593,1309,1291,1427,1440,1257
-73.56131,45.53596,Montreal,1434,833,1074,528,403,294,482,643,767,791,789,250,375,500,625,750,876,947,588,623,582,594,439,703,877,1066,1038,813,571,864,704
-73.65551,45.55154,Montreal,586,593,655,568,693,632,493,722,554,647,678,394,457,520,583,646,694,716,695,667,602,843,514,630,600,634,597,605,717,1296,641
-73.69573446,45.54074212,Montreal,742,500,461,216,327,360,250,330,328,317,389,38,209,379,550,720,380,495,469,402,391,957,480,749,675,672,538,672,787,1008,493
-73.62469205,45.54811968,Montreal,1014,763,950,736,735,701,730,892,926,950,1005,394,485,577,668,760,802,873,791,722,787,905,727,856,764,755,652,742,871,1008,785
-73.62421067,45.46148933,Montreal,1200,691,622,552,802,693,822,1017,836,942,1051,528,636,743,851,958,1084,1121,1032,923,1085,1277,1035,958,1128,1110,923,906,1070,1728,944
-73.62025154,45.47840199,Montreal,400,500,609,272,357,154,330,529,449,629,561,38,194,349,505,660,472,484,372,312,387,578,309,472,443,365,177,415,686,1152,439
-73.63788667,45.527655,Montreal,1152,1025,1088,1136,1321,1505,1158,1081,1131,1247,1112,922,970,1019,1067,1116,1336,1449,1505,1351,1292,1424,1104,1349,1361,1529,1362,1254,1277,2016,1255
-73.63479718,45.43058325,Montreal,906,613,883,600,657,479,515,662,708,772,877,499,580,660,741,821,777,866,767,720,805,942,641,782,899,788,456,635,965,1872,763
-73.6606884,45.53442848,Montreal,1066,741,1102,664,745,778,803,919,886,953,877,67,287,507,727,946,884,988,834,748,888,1138,809,935,853,746,699,854,1032,1584,835
-73.58512494,45.48223218,Montreal,322,190,183,176,257,267,213,237,241,259,222,154,169,184,199,214,266,319,235,288,229,368,130,315,267,264,237,248,251,288,240
-73.59834765,45.5588335,Montreal,1012,843,1028,968,911,1024,785,819,943,1113,950,298,476,655,834,1013,1130,1039,953,1018,1053,1193,1063,950,984,930,1038,1153,1274,1728,973
-73.57943465,45.49574435,Montreal,528,643,556,680,586,370,413,510,530,547,571,278,369,459,550,641,426,517,418,412,493,495,679,586,640,477,427,484,837,1872,566
-73.57748071,45.49805364,Montreal,892,532,639,1112,835,644,530,275,192,881,678,787,779,771,763,755,650,751,677,665,564,604,782,695,757,679,545,405,454,432,658
-73.64745864,45.53043051,Montreal,298,385,542,424,457,352,363,299,387,697,758,250,339,428,517,606,564,511,471,355,225,608,555,518,531,659,403,493,560,720,476
-73.67091158,45.55033585,Montreal,1214,762,763,600,629,469,561,688,649,741,707,672,703,735,766,797,864,655,641,639,797,787,706,693,784,847,774,700,846,864,735
-73.63535825,45.5492206,Montreal,580,340,439,200,323,354,157,385,214,314,314,77,166,254,343,432,618,626,600,456,544,669,494,545,490,510,268,469,879,1440,450
-73.62936576,45.55024435,Montreal,302,224,220,445,705,676,529,509,170,332,316,14,71,127,184,240,304,332,284,272,457,551,391,382,342,368,270,411,411,411,342
-73.5424326,45.56148488,Montreal,878,561,646,408,465,447,505,656,650,646,570,29,190,352,514,675,650,578,550,448,627,793,535,716,602,630,365,598,712,1008,567
-73.65674275,45.57367271,Montreal,348,417,464,224,432,337,311,376,410,356,483,144,190,236,282,328,498,521,424,466,487,542,322,467,376,450,333,438,436,144,375
-73.55943462,45.52587687,Montreal,504,696,772,1016,586,705,557,729,737,814,803,422,484,546,608,670,634,759,767,391,335,754,597,788,766,689,684,679,838,1152,683
-73.56191174,45.50137206,Montreal,690,515,516,456,376,353,378,434,529,595,616,298,349,400,451,502,554,622,481,389,511,657,514,593,602,721,554,451,328,144,486
-73.56175854,45.5038264,Montreal,1206,1161,1256,1208,1471,1334,1283,842,864,330,246,182,288,394,500,606,850,1001,986,896,688,553,,,,,,,,,825
-73.55956745,45.48752379,Montreal,296,196,295,152,179,203,225,222,263,264,288,144,196,248,300,353,264,248,207,144,218,229,254,227,260,215,138,141,137,144,222
-73.5669461,45.50629646,Montreal,204,244,245,416,329,243,361,375,337,347,314,192,253,314,376,437,418,417,464,351,337,363,398,369,271,8,13,421,469,432,324
-73.61498913,45.52037611,Montreal,754,434,466,544,459,307,385,498,479,596,632,77,182,287,392,497,526,631,485,404,407,465,377,522,510,464,285,457,699,864,470
-73.59666613,45.54315887,Montreal,,,,,,,,,,,,,,,,,,,,,,,,,,,,,,,
-73.57508214,45.53978194,Montreal,298,346,334,280,265,194,315,295,317,453,411,38,179,320,460,601,460,479,377,320,383,428,322,421,432,292,179,337,882,2160,419
-73.65133534,45.44095377,Montreal,370,288,405,184,142,160,286,326,309,416,349,58,136,214,292,370,345,346,209,154,371,438,213,311,219,180,115,202,368,720,283
-73.63218594,45.50085649,Montreal,1408,913,1055,856,864,699,877,961,934,1024,1179,403,562,720,879,1038,1077,1095,811,905,1071,1156,1138,1102,1165,806,773,934,1202,1872,983
-73.66439871,45.54008161,Montreal,,,,,,,,,,,,,,,,,,,,,,,,,,,,,,,
-73.61021024,45.52575287,Montreal,426,353,374,728,317,220,319,388,458,468,388,86,215,344,473,602,410,415,270,209,339,355,425,390,335,218,124,354,679,1584,409
-73.57784835,45.47964005,Montreal,514,337,454,483,434,189,142,252,215,283,261,173,183,193,203,214,254,240,205,178,185,241,247,230,206,240,162,221,231,288,255
-73.60153864,45.53781204,Montreal,1268,852,1338,220,998,1226,1242,1285,1389,1550,1621,1094,1209,1324,1439,1554,1622,1634,1541,1412,1472,1667,1591,1434,1560,1197,1027,1356,1566,1728,1347
-73.7232502,45.52970482,Montreal,982,570,802,695,610,669,563,707,626,613,757,288,360,432,504,576,870,970,757,827,761,1000,747,910,926,683,596,758,831,1296,723
-73.54156291,45.53643814,Montreal,,,,,,,,,,,,,,,,,,,,,,,,,,,,,,,
-73.56158154,45.5088303,Montreal,1098,787,853,872,839,584,271,953,1017,1091,1050,605,626,648,669,690,804,788,750,988,917,1028,987,1100,1057,1065,975,938,939,1008,867
-73.56532962,45.51058725,Montreal,874,706,857,1458,436,200,259,235,301,515,653,662,654,647,639,631,658,770,801,852,730,783,837,764,797,960,141,94,94,94,603
-73.53502758,45.59648834,Montreal,494,548,647,542,481,393,445,474,543,618,677,154,233,313,392,472,482,550,341,347,481,533,384,438,430,433,265,402,663,1152,478
-73.55285951,45.49877993,Montreal,822,600,724,347,607,603,536,555,595,670,613,230,352,473,594,715,618,628,479,448,556,724,411,566,619,555,336,425,512,864,559
-73.59156746,45.54897334,Montreal,1390,967,1154,1169,983,1099,877,913,1019,943,994,528,621,713,806,899,1010,1071,917,965,1043,1004,1255,956,1036,1012,676,781,966,1584,978
-73.65283135,45.49464575,Montreal,722,683,486,288,506,307,507,652,546,553,550,134,302,469,636,803,912,929,793,750,801,1103,1049,945,888,927,619,528,1170,1872,714
-73.57798003,45.48123057,Montreal,562,473,496,594,692,790,888,986,701,832,874,595,672,749,827,904,848,951,813,743,757,838,912,816,828,798,670,740,603,288,741
-73.58170323,45.51801638,Montreal,1458,830,1046,1215,1255,1107,1014,1095,1092,1112,1163,1114,1090,1066,1042,1018,1152,1198,1059,1276,1150,1201,1118,1100,1058,1023,971,1028,961,1440,1115
-73.55309207,45.49605447,Montreal,,,,,,,,,,,,,,,,,,,,,,,,,,,,,,,
-73.52849515,45.65613041,Montreal,,,,,,,,,,,,,,,,,,,,,,,,,,,,,,,
-73.62589099,45.52418402,Montreal,886,831,903,552,634,551,707,781,790,809,806,163,298,434,569,704,840,829,687,694,854,1010,631,849,806,826,539,748,888,1296,731
-73.62287295,45.48058951,Montreal,1038,878,888,898,778,825,977,945,897,1065,1086,298,475,653,830,1008,1020,975,850,860,886,1099,994,912,901,886,644,839,1046,1728,906
-73.71127718,45.50537008,Montreal,402,215,253,178,255,187,227,303,221,309,278,10,86,162,238,314,274,329,270,174,268,430,213,202,290,214,174,210,440,864,266
-73.57468652,45.50089123,Montreal,696,308,596,1313,1438,1329,1302,1192,1218,1422,1555,1536,1543,1550,1557,1564,1372,1619,1376,884,331,290,219,298,320,281,334,266,632,1584,998
-73.63643796,45.56089467,Montreal,290,350,425,263,125,173,392,357,315,361,331,144,251,358,464,571,774,886,761,767,785,892,624,633,692,626,182,588,517,432,478
-73.53893816,45.58987394,Montreal,1155,818,939,745,837,617,803,885,997,924,987,298,468,638,808,978,1018,1095,878,815,931,1209,933,962,987,761,684,971,1232,1728,903
-73.54709915,45.52019561,Montreal,484,275,403,424,290,313,271,387,348,382,110,96,206,316,426,536,494,423,395,335,383,495,521,362,409,290,129,288,356,720,362
-73.5586998,45.50752026,Montreal,480,209,222,127,245,243,106,140,147,180,181,115,131,147,163,179,212,209,223,345,195,83,,,,,,,,,195
-73.56394632,45.5061664,Montreal,672,491,614,449,765,695,547,690,555,280,187,48,156,265,373,482,614,637,539,491,483,586,624,626,617,270,194,170,170,170,449
-73.57004318,45.51111191,Montreal,846,905,946,762,1018,973,707,819,869,964,1082,979,947,914,882,849,1026,1052,1111,982,925,1024,754,1123,978,1106,868,740,662,144,899
-73.57952473,45.53520642,Montreal,,,,,,,,,,,,,,,,,,,,,,,,,,,,,,,
-73.62214636,45.42330208,Montreal,170,352,421,312,227,177,249,261,302,386,360,21,116,211,306,401,380,459,264,255,292,406,281,402,369,290,180,289,564,1152,329
-73.61903443,45.49501987,Montreal,,,,,,,,,,,,,,,,,,,,,,,,,,,,,,,
-73.57457157,45.53291762,Montreal,1386,967,1223,945,1173,1090,918,1069,894,1069,1134,586,617,648,679,710,650,753,777,773,694,925,521,709,741,715,535,682,874,1296,858
-73.60792986,45.61066463,Montreal,300,356,397,271,389,323,301,371,303,303,411,38,141,243,345,447,650,796,765,637,738,830,761,753,716,740,488,685,869,1296,522
-73.69197372,45.49021635,Montreal,339,373,454,152,148,115,286,328,300,325,362,58,111,165,219,273,316,412,302,270,369,436,370,373,266,261,198,299,485,720,303
-73.68022369,45.50532501,Montreal,754,821,946,549,674,708,750,653,760,921,760,463,533,603,672,742,851,991,887,792,855,956,598,820,823,870,569,808,1088,1584,793
-73.86637437,45.46033968,Montreal,1260,840,936,695,822,751,811,940,893,854,936,173,425,677,930,1182,969,1143,985,798,745,1049,432,818,812,826,563,525,735,288,794
-73.64214099,45.48969241,Montreal,626,464,338,212,245,331,338,313,293,460,498,144,206,268,330,392,672,641,586,639,704,947,459,640,578,491,393,629,401,288,451
-73.62223195,45.43945446,Montreal,840,698,747,466,591,689,601,663,607,699,726,230,350,470,590,710,834,916,1018,1023,1028,1032,905,919,836,1012,630,594,776,720,731
-73.63018782,45.42048843,Montreal,478,562,716,85,309,354,445,498,371,359,517,185,273,360,447,535,683,709,420,393,444,823,398,498,644,583,461,637,713,1152,502
-73.69213119,45.43720143,Montreal,663,493,542,313,396,421,419,511,434,560,490,173,230,288,345,402,622,722,529,560,537,657,542,535,552,574,489,540,846,1584,532
-73.63759983,45.4871829,Montreal,796,649,469,288,363,438,513,883,688,869,672,67,177,287,397,506,664,674,720,655,947,1077,651,900,618,797,550,761,810,1008,630
-73.69772219,45.52658115,Montreal,652,592,689,610,590,362,336,472,510,629,670,365,454,542,631,720,762,742,854,830,686,771,651,754,694,896,666,606,731,1296,659
-73.63726451,45.48754774,Montreal,560,348,276,203,605,488,701,913,750,674,624,86,101,115,130,144,290,1021,813,647,621,1120,891,1099,812,886,744,1078,952,1152,628
-73.5224236,45.5680036,Montreal,270,304,467,254,313,251,278,352,404,427,475,202,311,421,531,641,556,554,367,327,465,544,350,525,497,376,122,442,685,1440,438
-73.64230605,45.59584677,Montreal,956,736,970,576,792,655,543,667,605,701,832,182,329,476,623,770,788,864,617,667,763,1020,610,855,720,902,621,839,790,720,706
-73.5399326,45.54114436,Montreal,202,379,332,500,476,447,359,395,765,1139,544,470,474,479,483,487,596,525,485,513,466,631,549,515,652,550,377,379,379,379,498
-73.63168712,45.45558271,Montreal,694,434,391,347,371,390,380,486,447,560,538,115,211,306,401,497,562,574,546,479,542,631,480,486,491,476,343,469,440,432,451
-73.64099993,45.59435295,Montreal,178,261,339,396,440,262,185,343,188,354,560,134,276,417,559,700,366,340,189,156,231,277,288,332,286,407,200,251,480,1152,352
-73.64154,45.596866,Montreal,1174,697,825,525,605,518,637,733,666,759,848,67,283,498,713,929,752,825,600,477,710,935,770,779,827,720,447,734,1042,1728,727
-73.55602639,45.54595415,Montreal,492,346,332,263,327,323,340,505,595,618,562,259,315,370,426,482,490,489,460,381,440,596,370,506,445,431,338,482,416,288,423
-73.54702738,45.53062037,Montreal,1008,812,1045,669,800,849,745,974,954,1100,1190,749,827,906,984,1063,1088,1207,990,1016,988,1257,912,1095,1025,1022,881,893,1004,1152,974
-73.55175575,45.52546219,Montreal,536,501,491,466,432,319,361,488,515,592,475,317,370,424,478,531,454,504,436,389,519,629,501,631,740,370,228,563,706,864,494
-73.562928,45.520136,Montreal,726,459,524,449,241,271,338,374,472,540,677,336,372,409,445,482,558,554,377,347,428,523,521,502,414,298,182,357,346,144,422
-73.572585,45.519247,Montreal,1034,839,993,963,929,973,952,928,869,922,1062,922,900,878,856,834,884,886,1069,874,787,1150,981,917,921,1016,671,843,811,1008,922
-73.62564404,45.50066213,Montreal,822,753,831,856,741,830,762,911,806,895,856,749,711,672,634,596,788,820,846,813,1004,1022,651,779,846,769,567,497,427,576,761
-73.61885639,45.50326165,Montreal,496,493,491,440,214,303,346,312,276,503,533,413,466,519,572,626,619,782,535,479,658,679,398,591,607,507,325,424,455,576,488
-73.61548948,45.51173713,Montreal,306,432,463,339,332,371,394,410,411,497,477,125,198,271,344,417,388,458,325,335,371,496,343,358,314,340,314,348,399,720,377
-73.5841663,45.53025235,Montreal,420,551,587,381,416,530,394,634,610,605,746,240,318,396,473,551,546,639,728,761,706,957,473,796,539,749,468,451,574,864,570
-73.60535282,45.52883221,Montreal,216,210,238,254,599,816,785,537,166,180,200,96,151,207,262,318,319,225,110,124,170,235,255,276,181,119,62,177,253,432,272
-73.57801591,45.52926707,Montreal,1572,1008,953,1567,1236,964,981,770,255,615,1040,950,1023,1096,1169,1241,828,960,1351,1042,689,728,1186,830,971,1248,888,555,586,864,972
-73.58133892,45.53603973,Montreal,832,1051,1045,839,820,858,791,785,826,1006,1032,557,655,753,851,948,1234,1320,1320,1282,1111,1253,1022,1351,1146,1251,556,864,1004,864,974
-73.5639572,45.5280173,Montreal,538,658,620,584,874,795,904,886,951,1024,934,739,774,809,844,879,1128,1150,1083,1093,1197,1290,1077,1205,999,830,541,918,947,1008,909
-73.55499738,45.51250954,Montreal,438,230,419,271,358,248,351,367,443,489,498,154,197,241,284,328,488,550,533,444,434,584,576,625,681,361,231,210,442,720,407
-73.55725843,45.50687193,Montreal,342,325,465,390,424,242,326,309,348,422,458,403,436,470,503,536,554,548,383,339,428,667,398,540,537,386,317,280,348,288,414
-73.55956318,45.50100056,Montreal,640,352,356,542,356,213,273,378,342,424,456,528,493,458,422,387,368,412,412,333,298,347,185,335,385,447,333,316,417,576,393
-73.60898781,45.51466945,Montreal,416,388,436,305,198,185,255,238,310,370,344,125,202,278,355,432,376,351,233,185,221,312,398,290,254,170,145,280,363,576,300
-73.56478953,45.51703293,Montreal,244,366,415,409,404,399,338,395,432,466,840,1286,1059,832,605,377,492,720,592,562,754,880,741,822,1027,647,550,745,739,576,624
-73.61685304,45.51834601,Montreal,552,218,347,254,205,182,284,337,252,335,398,19,108,196,284,372,288,408,223,231,302,280,302,256,282,387,212,274,368,576,291
-73.63127618,45.51336753,Montreal,,,,,,,,,,,,,,,,,,,,,,,,,,,,,,,
-73.63304826,45.49231565,Montreal,1060,904,933,1186,872,1025,1127,1192,1210,1443,1383,787,878,970,1061,1152,1212,1270,1408,1355,1395,1414,1173,1205,1004,1300,1106,1074,1115,1440,1155
-73.653378,45.494135,Montreal,1524,1024,825,627,778,691,781,986,955,921,1042,326,474,622,769,917,1022,1178,872,882,943,1211,686,1067,1017,862,804,950,854,1440,902
-73.57291927,45.50001182,Montreal,1004,86,116,25,97,106,159,202,227,165,198,86,75,63,51,40,50,68,43,130,483,430,665,460,479,584,475,169,169,169,236
-73.5765763,45.50184512,Montreal,1530,994,1084,1186,913,945,1117,1083,1095,1146,1178,566,690,815,939,1063,1116,1161,868,844,1077,1330,1255,1131,1212,1045,778,962,1240,1728,1070
-73.58189,45.50127,Montreal,472,426,380,110,123,65,173,129,109,237,418,378,338,298,258,218,248,244,112,124,247,377,117,182,129,127,58,223,223,223,226
-73.57502144,45.49788599,Montreal,430,302,133,34,224,177,140,157,282,971,1042,1171,1194,1216,1239,1261,824,188,110,248,917,925,1029,832,1006,875,817,763,830,1152,683
-73.57783466,45.49503259,Montreal,846,446,476,686,545,428,455,458,451,576,864,835,834,832,831,829,874,962,807,783,789,738,885,894,894,798,689,783,830,864,733
-73.64660013,45.50048081,Montreal,1113,757,1145,432,730,724,881,901,755,924,920,134,449,763,1078,1392,800,755,615,564,788,990,473,671,681,622,581,828,1028,1584,803
-73.55832218,45.49175446,Montreal,418,313,347,280,302,376,394,281,314,312,382,230,272,313,355,396,522,565,560,456,451,458,405,510,469,541,329,407,555,864,413
-73.62431007,45.49723632,Montreal,1276,817,871,1338,839,787,831,879,842,895,901,384,498,612,725,839,762,860,734,659,781,959,1111,925,978,755,744,918,852,864,841
-73.64798585,45.49896304,Montreal,1084,712,713,542,591,652,603,657,593,769,770,586,614,643,671,699,521,506,574,570,491,627,336,517,555,604,578,734,753,1152,647
-73.56135492,45.49476352,Montreal,348,265,299,203,237,205,225,176,238,275,291,182,206,230,254,278,354,333,270,211,272,331,226,318,267,297,212,227,506,1152,296
-73.56668198,45.49897588,Montreal,952,736,772,678,628,579,530,628,805,853,770,96,248,401,553,705,994,833,661,635,708,862,549,676,675,550,519,612,762,1008,666
-73.55854271,45.51812801,Montreal,850,235,327,313,247,219,154,208,359,438,494,480,463,446,429,412,364,364,398,337,227,367,281,332,400,478,308,324,325,144,357
-73.56554692,45.52135592,Montreal,1034,841,947,805,243,735,513,703,747,817,832,768,721,674,628,581,568,936,955,992,996,941,967,953,664,891,603,633,583,576,762
-73.58150405,45.5255528,Montreal,,,,,,,,,,,,,,,,,,,,,,,,,,,,,,,
-73.5887008,45.53423695,Montreal,,,,,,,,,,,,,,,,,,,,,,,,,,,,,,,
-73.59241738,45.52117849,Montreal,693,1133,1339,1330,1322,1313,1305,1296,,,,,,,,,,,,,,,,,,,,,,,1216
-73.6022137,45.5222066,Montreal,972,1006,1028,1008,891,1016,1029,1010,1060,1123,1091,461,580,700,819,938,1050,1108,1071,1170,1089,1211,933,1059,1023,1034,829,719,842,720,953
-73.61230991,45.55819894,Montreal,1296,525,733,59,349,269,295,457,192,238,302,58,107,155,204,253,241,271,195,162,197,221,302,256,221,250,173,285,455,1152,329
-73.67998615,45.5162699,Montreal,514,177,277,212,158,150,179,178,203,283,312,10,143,276,409,542,432,363,255,233,237,381,295,328,254,322,140,268,527,1152,307
-73.55683304,45.5246158,Montreal,330,479,488,344,355,274,294,405,445,494,113,,,,,,,607,607,607,607,607,494,601,597,469,160,351,562,864,465
-73.68056688,45.51583445,Montreal,906,675,827,390,490,357,432,606,497,705,684,67,338,610,881,1152,382,779,647,534,627,834,610,669,705,570,509,711,1060,1872,671
-73.61740107,45.4749474,Montreal,479,419,392,206,232,290,379,412,321,414,322,134,223,311,400,489,441,418,320,320,393,305,507,264,185,309,184,253,400,576,343
-73.60954662,45.56379642,Montreal,834,753,757,788,765,718,883,864,830,928,856,405,480,555,630,705,890,1108,781,698,896,1063,619,889,866,809,571,865,883,864,785
-73.60570773,45.47289061,Montreal,526,555,580,347,323,334,525,648,611,707,738,288,365,442,519,596,396,335,193,189,231,282,261,313,254,177,189,285,344,576,404
-73.62439713,45.45157743,Montreal,120,101,190,34,46,27,86,114,83,126,136,144,153,162,170,179,162,266,107,87,167,272,117,174,196,110,57,120,122,144,132
-73.5692471,45.51907933,Montreal,610,220,303,339,211,212,212,213,266,328,387,38,103,168,233,298,380,308,391,444,349,339,343,311,382,384,294,327,258,144,293
-73.55964018,45.54701862,Montreal,260,263,310,220,193,239,217,282,317,316,310,221,306,391,476,561,582,633,581,530,479,533,487,466,532,488,331,438,438,438,395
-73.57022068,45.51818294,Montreal,840,436,445,356,319,215,369,432,478,518,451,163,270,377,484,591,596,611,339,351,475,592,432,402,542,358,233,402,611,1152,461
-73.57177528,45.51889037,Montreal,538,407,449,390,267,182,371,348,316,411,461,185,222,259,296,333,368,410,276,294,341,343,302,618,591,574,375,483,660,1296,412
-73.60135912,45.47103814,Montreal,744,445,561,459,424,343,445,533,491,471,464,134,231,328,425,521,528,554,361,337,460,649,425,540,548,350,323,490,843,1584,500
-73.57021029,45.53751109,Montreal,838,699,682,560,506,526,507,555,206,238,647,384,498,612,725,839,840,833,847,862,876,891,905,722,816,737,684,776,671,864,678
-73.55740048,45.51359254,Montreal,680,350,629,376,411,363,374,383,419,523,740,230,273,316,359,402,756,518,804,771,377,679,466,601,655,893,598,525,734,1008,540
-73.55162304,45.49094798,Montreal,,,,,,,2,4,3,2,10,19,,,,,,,,,,,5,4,2,1,1,1,1,1,4
-73.57418705,45.47794178,Montreal,144,531,666,684,529,711,616,684,624,597,794,240,341,443,544,646,976,1041,1018,1066,1114,1162,624,845,793,834,565,676,1057,1440,734
-73.55482361,45.51643911,Montreal,874,510,608,261,464,284,339,453,426,532,565,250,299,348,398,447,492,539,551,444,446,623,466,576,650,700,466,466,590,720,493
-73.59580759,45.51962061,Montreal,1122,726,774,909,826,726,612,739,757,833,877,259,381,502,624,746,766,853,804,708,688,706,638,775,741,702,603,649,797,864,724
-73.70315993,45.54341115,Montreal,114,163,208,252,134,58,157,214,203,188,238,239,240,240,241,242,210,223,154,118,156,209,103,121,185,99,119,220,276,288,187
-73.59526088,45.46465344,Montreal,150,183,131,81,131,184,159,206,123,199,223,48,71,94,116,139,231,228,85,142,199,256,171,184,166,190,154,245,278,720,183
-73.56601623,45.497523,Montreal,728,743,1004,621,902,601,580,778,1016,1014,998,326,489,652,815,978,1122,1084,593,803,884,1101,1015,1199,1002,1068,818,711,1038,1296,866
-73.5334,45.54787,Montreal,523,813,829,480,653,301,574,682,649,600,559,45,174,303,432,561,974,1010,643,606,828,1067,734,908,871,556,304,729,912,720,635
-73.57134619,45.46297911,Montreal,807,559,512,306,272,249,536,560,487,681,652,350,389,428,467,506,517,707,479,235,550,754,370,589,464,421,226,422,547,720,492
-73.56347229,45.46262832,Montreal,778,553,724,594,555,765,517,677,638,815,887,739,758,776,794,813,841,934,705,773,977,1034,411,373,290,691,521,786,600,144,682
-73.57686044,45.4888487,Montreal,556,564,541,504,411,453,471,540,430,599,596,250,300,351,402,453,568,563,426,416,608,635,350,593,561,394,298,531,702,1296,512
-73.58067756,45.48556645,Montreal,164,646,144,135,138,106,17,37,53,76,186,374,301,227,153,79,248,775,671,546,633,797,658,637,602,654,521,543,739,1440,410
-73.57566074,45.48264959,Montreal,724,494,500,720,530,449,231,439,474,531,588,202,255,309,363,417,464,649,625,493,308,489,727,527,578,551,427,421,577,720,493
-73.56980747,45.50317675,Montreal,422,177,180,207,298,148,214,226,213,201,262,182,181,181,180,179,230,223,225,237,256,241,165,195,219,168,155,139,175,288,212
-73.54582585,45.48915387,Montreal,101,91,87,108,71,56,66,67,62,168,121,29,56,84,111,139,105,151,83,61,103,134,41,112,92,110,65,99,99,99,92
-73.58357401,45.45326278,Montreal,331,506,515,279,282,229,256,332,297,341,299,77,105,133,161,189,320,382,307,117,296,352,213,352,552,399,250,447,451,432,307
-73.58789758,45.52623317,Montreal,1316,947,1004,1048,891,683,507,394,453,600,680,605,628,650,673,696,674,637,544,464,388,586,638,553,587,511,402,422,510,720,647
-73.60448045,45.44712152,Montreal,,,1238,,,,,,,,,,,,,,,,,,,,,,,,,,,,1238
-73.56576823,45.52256585,Montreal,602,525,626,603,486,445,436,529,539,578,700,250,346,443,539,636,630,737,634,513,681,868,713,701,727,659,434,505,526,576,573
-73.58638034,45.52010223,Montreal,1228,566,576,648,618,426,451,471,346,450,561,394,520,646,772,899,896,1004,938,1006,850,937,816,839,929,833,749,734,812,1152,736
-73.67527451,45.54336562,Montreal,1158,675,916,594,678,506,552,756,834,969,950,202,206,210,214,218,320,292,166,124,300,383,213,368,368,381,340,352,399,432,469
-73.56144,45.47417,Montreal,281,232,210,171,167,186,161,200,168,205,250,38,88,138,188,238,200,308,202,148,227,333,192,197,408,274,263,470,463,432,235
-73.55992861,45.47642467,Montreal,1150,1142,1096,1179,1196,1338,1131,1072,1082,1181,1181,1123,1092,1061,1029,998,656,305,317,308,352,405,309,402,381,407,188,177,383,864,784
-73.57346591,45.5264011,Montreal,,,,,,,,,,,,,,,,,,,,,,,,,,,,,,,
-73.59321388,45.52864371,Montreal,,,,,,,,,,,,,,,,,,,,,,,,,,,,,,,
-73.59997916,45.52462916,Montreal,398,438,475,1134,1188,1338,1094,1264,1154,1278,1313,970,1014,1058,1103,1147,1280,1289,1494,1266,1268,1323,1118,1180,1045,1264,1145,1147,1181,1440,1127
-73.56301287,45.53739298,Montreal,674,872,917,616,764,851,808,892,859,959,1026,682,731,780,830,879,1026,928,852,971,919,911,994,906,820,775,624,812,736,864,843
-73.59559857,45.52267824,Montreal,992,1195,1148,1161,981,1029,970,1128,1141,1199,1252,1114,1088,1063,1038,1013,1172,1004,1099,1049,1040,1073,1063,1059,898,803,581,783,915,1152,1040
-73.51610377,45.66097772,Montreal,464,366,434,171,192,134,265,350,312,419,444,106,227,349,470,591,432,596,273,258,444,606,425,503,453,281,194,436,647,1440,409
-73.49436913,45.66756075,Montreal,240,290,270,153,205,171,235,215,259,269,245,19,130,240,351,462,208,340,182,168,292,462,240,263,254,184,171,215,277,288,243
-73.49024698,45.63994568,Montreal,457,178,221,216,121,85,159,224,119,209,179,10,81,152,222,293,118,201,158,107,226,346,185,165,100,199,73,138,152,144,175
-73.52957286,45.64881342,Montreal,118,167,179,27,127,55,140,153,142,193,154,38,73,109,144,179,177,199,173,105,215,205,34,191,183,119,100,158,242,432,151
-73.54186678,45.65931545,Montreal,,190,218,126,127,136,95,166,141,191,211,58,101,145,188,232,189,216,161,160,158,331,171,169,221,134,139,187,387,864,200
-73.59395982,45.61692573,Montreal,260,481,448,216,323,284,436,445,480,466,490,48,174,300,425,551,494,419,250,264,395,566,171,409,365,288,160,373,428,432,361
-73.57989699,45.57350537,Montreal,462,682,665,567,643,650,606,513,527,634,765,538,535,532,529,526,726,840,712,690,602,886,549,720,797,627,498,597,882,1584,669
-73.56050508,45.58846047,Montreal,930,687,835,513,776,654,552,671,679,824,799,307,409,511,613,715,848,1054,870,890,943,1020,912,889,901,804,622,800,1046,1584,789
-73.56911317,45.58164238,Montreal,808,956,1084,567,724,808,828,730,881,1041,1054,758,753,747,741,735,1218,1170,1116,1078,1125,1541,1090,1260,1057,1211,620,757,856,720,934
-73.55000261,45.51770628,Montreal,268,426,503,448,364,240,365,421,475,566,604,163,276,389,503,616,476,523,381,337,434,552,446,455,438,743,478,349,531,720,450
-73.57258558,45.58279251,Montreal,1070,1090,1061,739,1064,1252,929,944,1025,995,1102,547,662,778,893,1008,1192,1383,1296,1124,1235,1450,1118,1288,1167,1116,909,1175,1352,1728,1090
-73.61274431,45.60910096,Montreal,1022,815,909,603,627,684,709,701,752,869,916,298,445,593,741,889,978,1099,899,954,1006,1096,823,883,879,877,637,733,1186,1728,845
-73.61903547,45.61495118,Montreal,556,515,516,828,555,565,413,529,461,464,496,499,525,550,575,601,656,654,645,634,521,483,631,525,671,698,472,379,591,1008,574
-73.57820206,45.5430514,Montreal,462,613,511,657,551,483,502,610,634,665,655,413,442,472,502,531,624,711,529,353,172,320,247,322,249,208,89,208,250,288,442
-73.59008712,45.55619474,Montreal,594,570,665,702,849,841,565,610,654,814,861,768,739,709,680,650,742,814,1018,945,801,872,631,773,757,737,693,725,946,1296,767
-73.65155052,45.58086032,Montreal,624,459,376,720,685,764,394,309,456,500,496,595,568,541,514,487,564,668,651,647,428,448,398,343,531,631,526,367,583,1008,543
-73.59332357,45.46932676,Montreal,1112,1061,954,702,685,805,674,675,881,879,809,931,882,833,784,735,832,1008,868,783,718,1239,967,1173,1049,1055,847,1059,948,720,889
-73.62969258,45.55073889,Montreal,1418,971,1263,960,1150,965,662,1031,1022,1069,1144,269,406,542,679,816,1020,1118,898,889,1073,1273,1097,1183,1150,884,905,1106,1352,2160,1016
-73.58296672,45.48122055,Montreal,494,110,491,873,1336,1169,1127,1404,1331,1409,1213,1498,1439,1379,1320,1261,1334,1318,1398,1365,1069,377,151,138,170,244,202,248,364,720,898
-73.56481234,45.5087327,Montreal,1160,485,558,666,758,666,625,875,931,875,886,634,647,659,672,685,954,1012,773,832,797,878,747,824,759,522,489,655,825,1152,767
-73.58475953,45.53240796,Montreal,918,747,877,837,826,841,762,724,680,772,902,701,727,753,779,804,776,794,755,872,652,892,850,951,802,750,547,674,674,674,777
-73.54122567,45.55029996,Montreal,556,251,251,180,157,169,155,669,821,538,392,38,232,426,620,814,1010,988,841,860,858,998,89,163,92,74,87,629,1073,1440,516
-73.65595056,45.55082793,Montreal,424,527,592,405,317,227,406,572,557,568,622,77,212,346,481,616,564,635,422,381,519,600,535,529,481,365,237,592,1090,2880,559
-73.60862282,45.4292196,Montreal,568,397,272,234,357,401,355,439,365,430,532,19,119,218,318,417,576,679,555,552,511,669,459,675,636,659,417,531,626,864,462
-73.66346875,45.43902037,Montreal,180,104,146,63,221,256,279,290,200,359,380,509,499,490,480,470,474,580,502,608,694,882,446,652,648,704,719,826,786,720,472
-73.56951421,45.47230881,Montreal,34,39,34,45,25,29,54,71,33,86,36,49,61,74,87,99,30,74,64,63,43,41,41,44,24,92,30,35,35,35,50
-73.64135197,45.54248706,Montreal,318,568,640,360,403,317,344,369,528,624,691,144,234,324,414,504,594,758,553,453,594,823,501,662,570,684,573,679,907,1296,548
-73.56871135,45.5083772,Montreal,188,156,137,117,140,98,146,185,174,260,239,163,175,186,197,209,246,268,253,230,211,278,281,218,299,207,186,190,197,144,199
-73.59191725,45.53076458,Montreal,,,,,,,,,,,,,,,,,,,,,,,,,,,,,,,
-73.56704918,45.47718285,Montreal,374,311,364,315,294,217,320,320,285,345,291,125,182,239,296,353,464,193,144,128,260,432,247,352,335,314,119,193,370,1008,306
-73.64649594,45.55793124,Montreal,316,238,340,234,217,241,213,288,258,335,283,38,105,171,237,303,284,279,227,235,316,367,309,337,310,313,184,288,442,864,286
-73.6512217,45.55931876,Montreal,190,207,207,342,161,165,166,195,244,251,298,19,90,161,232,303,322,373,357,235,260,345,213,212,193,251,176,311,278,576,244
-73.57814,45.52183,Montreal,758,386,468,531,530,426,378,481,483,568,560,394,423,453,482,511,663,585,481,497,387,576,556,536,520,503,359,371,545,1008,514
-73.56894743,45.48769083,Montreal,1042,794,814,819,693,599,576,705,640,803,746,547,574,601,628,655,777,853,889,850,896,935,886,791,799,787,601,504,613,432,728
-73.61895777,45.50804923,Montreal,1226,885,1012,891,703,769,705,731,704,741,713,278,458,638,818,998,1018,1083,702,741,728,903,603,703,729,607,463,741,788,864,765
-73.6255529,45.5078655,Montreal,710,925,1004,477,582,606,716,801,646,707,831,658,681,704,727,750,902,864,736,789,892,998,926,875,868,704,544,680,708,1008,767
-73.58666685,45.49637532,Montreal,66,93,94,45,67,30,104,85,72,120,134,19,52,84,117,149,128,113,105,65,81,103,171,129,101,105,47,74,74,74,90
-73.68088911,45.53429313,Montreal,1396,637,778,696,620,755,576,553,574,696,841,365,507,648,790,932,821,1014,1044,1075,1105,1135,1042,937,821,639,715,650,779,720,795
-73.58793341,45.49639555,Montreal,386,290,430,306,484,319,356,423,448,430,503,576,534,492,449,407,512,587,570,529,499,645,747,701,578,624,309,160,211,576,469
-73.54404536,45.48942591,Montreal,58,66,64,81,50,44,59,72,61,81,106,115,106,96,87,77,112,95,103,85,89,99,62,97,114,117,73,65,65,65,82
-73.58536577,45.50033616,Montreal,1048,888,728,378,568,548,479,421,519,662,740,490,560,630,700,770,812,818,835,777,754,844,391,663,600,781,412,432,446,288,633
-73.55705764,45.48898521,Montreal,408,300,365,180,240,119,213,296,228,291,306,106,166,227,287,348,236,249,191,195,186,290,199,231,260,185,205,181,181,181,235
-73.5672966,45.49417414,Montreal,946,883,925,864,902,256,381,404,426,560,571,259,364,470,575,680,556,548,318,272,507,600,453,536,419,432,222,388,683,1296,557
-73.57729097,45.48062126,Montreal,254,278,220,288,177,233,176,200,215,367,323,144,189,233,278,323,320,360,263,327,276,348,398,301,333,311,171,237,261,288,270
-73.58046834,45.47987063,Montreal,1042,718,888,1071,812,810,628,722,673,830,970,538,648,758,868,978,1122,1258,1112,1030,963,934,1221,1029,1012,640,393,421,401,432,831
-73.56861009,45.49777421,Montreal,1418,925,974,1017,1202,913,709,760,913,1238,875,394,599,805,1011,1217,1146,951,891,732,712,365,254,377,303,256,197,190,338,576,742
-73.489373,45.688911,Montreal,132,115,151,81,215,201,119,102,149,108,173,170,166,162,158,154,114,161,270,205,176,272,137,159,103,133,72,160,160,144,154
-73.56996767,45.4914244,Montreal,484,710,641,891,826,887,635,735,639,815,777,792,829,865,902,938,858,932,1078,951,880,779,,,,,,,,,811
-73.66560244,45.53564889,Montreal,1106,657,709,752,479,506,526,553,542,659,703,202,257,312,367,422,284,654,813,708,846,936,617,753,765,645,596,754,750,720,620
-73.51264752,45.60260305,Montreal,390,531,680,540,701,831,618,529,602,836,862,1044,925,805,686,566,780,897,1183,1073,783,925,693,843,914,1252,550,610,562,720,764
-73.5703262,45.4987367,Montreal,1586,1086,1116,882,889,633,877,1078,1163,1320,1189,765,897,1028,1160,1291,1346,1126,1056,971,919,1140,809,1065,1019,1182,1100,932,1286,2304,1107
-73.55376731,45.52325663,Montreal,726,475,569,360,407,442,462,430,513,630,687,171,246,321,397,472,548,703,488,432,631,732,480,536,367,286,132,341,361,432,459
-73.56496799,45.52461505,Montreal,822,864,796,774,958,957,665,728,802,938,945,783,800,816,833,849,864,973,957,1047,688,980,562,881,729,294,239,448,975,1584,818
-73.51197948,45.66444647,Montreal,219,177,259,182,200,223,223,252,213,247,224,9,83,156,230,303,152,292,200,198,276,341,137,247,200,170,140,255,384,720,230
-73.57317122,45.64387537,Montreal,1156,922,1061,846,887,891,683,637,791,964,962,693,725,756,788,819,1062,1183,1181,1097,1099,1129,1008,1044,1098,1066,811,793,963,1008,937
-73.5820091,45.52497648,Montreal,240,453,394,846,426,445,260,357,293,346,425,701,630,559,488,417,594,415,475,312,302,318,348,377,362,315,154,212,239,576,409
-73.65837,45.57043,Montreal,1252,963,1077,927,962,902,853,847,908,948,1057,405,481,558,634,710,956,997,1020,1016,858,1103,720,881,920,880,601,1034,1176,1440,903
-73.55447939,45.55459818,Montreal,576,574,654,783,545,555,508,609,597,759,748,378,437,497,556,616,656,801,675,546,627,854,583,650,797,689,426,624,719,1008,635
-73.573685,45.509492,Montreal,,,1035,954,962,1055,779,883,752,909,877,738,734,729,724,720,972,1132,899,961,949,1109,821,862,924,1001,781,919,1030,1152,906
-73.6074281,45.56242386,Montreal,764,669,680,392,495,403,691,642,641,658,664,77,218,360,502,643,690,767,606,552,716,872,418,781,653,639,447,685,950,1296,619
-73.54897548,45.57346435,Montreal,414,496,698,405,415,349,462,652,642,645,660,171,271,371,471,571,522,456,331,507,746,862,583,824,720,543,313,647,948,1584,576
-73.62004391,45.5353617,Montreal,1444,1607,1642,1314,1352,1455,1268,1332,1419,1485,1452,1116,1198,1280,1363,1445,1490,1499,1588,1485,1361,1669,1382,1498,1490,1409,1295,1417,1246,1008,1400
-73.57934072,45.46244406,Montreal,669,586,647,558,585,538,479,559,503,653,758,639,602,565,528,492,586,655,391,418,572,744,727,764,582,568,385,428,618,288,570
-73.56296274,45.46173574,Montreal,682,496,538,477,394,460,445,568,519,563,543,297,368,439,510,581,740,812,757,664,632,836,590,774,722,701,452,757,757,757,594
-73.72024301,45.51380766,Montreal,444,462,585,306,309,119,520,520,495,681,618,63,243,424,604,785,330,212,565,491,740,907,461,714,793,518,333,642,1045,1728,555
-73.68478,45.52942,Montreal,1076,687,800,612,664,563,597,512,525,592,664,54,165,276,388,499,698,840,621,564,678,801,374,739,726,566,444,706,581,288,577
-73.66837,45.5032,Montreal,286,331,340,99,19,10,2,250,215,416,243,126,174,222,270,318,222,153,179,165,162,150,497,196,191,217,108,219,564,1296,255
-73.66931,45.50396,Montreal,128,136,81,72,55,36,34,79,90,165,119,9,56,104,151,151,151,120,76,41,61,93,167,64,47,55,35,54,99,144,89
-73.64200095,45.54760988,Montreal,780,749,657,837,733,726,568,665,632,781,921,981,880,778,677,576,790,762,841,782,830,821,684,626,840,751,655,716,765,1152,765
-73.53234435,45.6009828,Montreal,1095,412,638,424,407,323,530,493,648,510,748,221,337,454,570,686,679,793,558,580,554,767,597,724,655,670,322,503,875,1728,617
-73.65836,45.57002,Montreal,1458,833,919,592,98,117,854,887,940,838,967,29,193,357,521,685,908,964,610,708,811,1030,631,858,735,69,63,884,1293,2304,739
-73.57422543,45.48701931,Montreal,570,492,430,472,351,361,407,442,448,502,560,459,458,458,457,457,530,552,450,494,413,550,554,522,537,456,318,412,518,864,483
-73.62083494,45.51919788,Montreal,176,275,264,144,117,74,169,150,158,205,263,9,75,141,207,273,328,341,189,208,220,288,158,262,223,205,48,195,361,720,215
-73.56344869,45.4996232,Montreal,786,527,636,504,436,313,298,492,528,684,606,207,303,399,495,591,578,623,497,477,553,649,684,576,580,746,693,505,900,1872,591
-73.54312525,45.58273189,Montreal,797,716,802,576,753,709,505,699,765,685,778,233,325,417,509,601,902,813,913,675,630,775,562,788,823,753,567,707,989,1728,717
-73.5147022,45.64136417,Montreal,348,73,186,48,96,142,83,169,165,192,265,27,116,205,294,382,282,326,187,204,403,509,173,284,226,249,43,104,244,576,220
-73.65090018,45.43407476,Montreal,550,372,527,216,365,288,334,436,366,458,507,45,131,216,302,387,450,554,369,300,369,669,288,432,383,342,192,394,482,720,381
-73.66193032,45.55339531,Montreal,918,606,919,544,614,529,939,796,817,699,805,369,478,587,696,804,888,1001,777,800,944,1186,727,920,967,787,780,903,1069,1296,806
-73.65405814,45.55449135,Montreal,932,894,933,576,760,720,646,646,671,748,867,468,551,634,717,799,949,973,963,930,835,909,756,845,898,953,746,819,952,1440,818
-73.63455931,45.58826381,Montreal,512,444,600,448,599,407,461,529,391,494,624,134,227,319,412,504,558,665,517,408,524,753,528,515,529,567,343,401,499,432,478
-73.55488672,45.49939995,Montreal,126,232,222,240,175,146,123,146,181,239,175,81,114,147,180,214,572,654,580,566,518,617,202,219,217,284,179,164,253,432,273
-73.56719861,45.49010363,Montreal,630,260,321,456,634,479,380,447,490,595,650,612,620,629,637,646,759,902,876,811,886,921,828,810,742,702,537,725,727,432,638
-73.61590345,45.53273562,Montreal,1249,807,913,1120,1096,963,605,776,810,971,1043,819,901,983,1065,1147,1106,1094,1233,1088,1076,1221,1102,1139,1139,1171,663,821,1121,1296,1018
-73.66489466,45.54848554,Montreal,1383,1370,1391,1400,1344,1167,1213,1386,1443,1270,1314,1422,,,,,,,,,,,,,,,,,,,1342
-73.851915,45.491907,Montreal,1140,630,811,472,557,519,532,636,760,722,839,108,262,416,571,725,550,736,574,550,668,840,367,629,606,591,406,509,526,432,589
-73.61378147,45.55908198,Montreal,91,92,131,184,123,123,83,140,170,192,233,48,97,146,194,243,134,137,140,134,167,193,398,210,212,156,80,151,151,151,157
-73.81990761,45.50676985,Montreal,742,351,580,464,317,358,271,749,674,786,718,230,366,501,636,771,515,646,523,535,490,830,837,728,812,622,619,709,958,1728,636
-73.581004,45.46340803,Montreal,1132,803,910,771,790,765,881,858,773,961,969,278,339,400,461,521,407,550,406,414,510,496,494,520,460,337,251,413,739,1008,621
-73.5844964,45.5749328,Montreal,1067,482,762,528,716,712,697,833,741,797,832,298,434,571,708,844,850,888,854,831,849,1103,638,838,812,941,576,763,1007,1728,790
-73.55555339,45.50619469,Montreal,907,699,745,1016,800,652,728,664,706,758,828,845,842,840,837,834,796,911,937,832,899,953,1070,881,928,854,634,600,554,576,804
-73.62282185,45.55475525,Montreal,700,432,598,392,326,269,432,477,518,574,539,67,193,319,445,571,676,713,521,549,668,942,418,747,692,439,254,464,693,1008,521
-73.57506292,45.59204066,Montreal,769,517,675,496,538,390,455,544,629,622,655,82,238,394,549,705,765,880,748,570,843,917,562,821,827,596,419,736,1056,1872,662
-73.87558894,45.46884301,Montreal,552,368,580,398,479,724,501,492,389,548,530,355,438,520,603,685,665,855,712,667,689,840,446,750,814,901,723,720,929,1296,639
-73.63647493,45.57592089,Montreal,535,371,472,456,311,261,321,359,293,414,495,77,213,349,485,621,566,634,448,436,493,646,468,553,628,424,317,437,551,720,445
-73.54871,45.51717,Montreal,560,559,614,496,422,407,404,408,543,606,563,279,340,400,461,521,652,702,496,523,526,742,569,570,597,552,319,465,565,720,519
-73.63042329,45.55188194,Montreal,1083,970,1222,688,820,1135,974,1056,1116,1048,1087,1094,1114,1133,1153,1173,1146,1170,1124,1042,1150,1123,919,1125,1085,1156,796,810,846,720,1036
-73.65032551,45.58392079,Montreal,846,572,687,161,368,453,513,538,425,503,527,144,262,380,498,616,428,494,189,312,536,501,631,445,502,400,420,448,395,432,454
-73.54048422,45.59351101,Montreal,469,409,496,328,303,282,303,566,429,579,527,115,217,318,420,521,432,591,393,422,465,645,542,606,497,392,159,304,528,864,437
-73.60969,45.4299,Montreal,894,510,729,504,491,541,426,540,473,669,695,134,224,313,402,492,557,600,679,552,528,654,466,610,646,581,427,619,682,864,550
-73.86230033,45.48230976,Montreal,586,659,626,696,588,338,603,778,610,792,680,106,211,316,421,526,492,469,276,251,488,647,315,604,548,474,406,582,753,1152,533
-73.63910893,45.54538279,Montreal,402,367,459,352,349,376,438,388,480,547,653,278,307,336,365,394,522,576,446,436,422,572,360,468,496,483,345,603,785,1152,472
-73.52788943,45.55670341,Montreal,469,517,576,416,509,364,438,462,430,516,539,115,233,351,468,586,631,727,519,562,520,659,501,752,639,440,263,474,469,288,481
-73.60308692,45.43438908,Montreal,675,426,452,200,292,197,376,370,405,417,487,10,113,216,319,422,462,528,314,355,341,580,288,449,395,274,217,461,446,432,364
-73.60969113,45.44774294,Montreal,853,549,660,408,477,347,440,543,506,589,555,58,165,272,379,487,662,775,623,619,648,852,610,778,748,595,498,589,860,1296,581
-73.58948919,45.63147432,Montreal,519,505,554,320,537,405,430,549,446,449,614,413,442,472,502,531,629,740,529,366,739,882,747,773,582,520,368,398,492,720,539
-73.61126282,45.62989831,Montreal,412,389,474,296,387,295,392,413,369,435,499,125,236,347,458,568,122,197,160,162,159,150,247,485,495,276,304,423,421,432,338
-73.60384978,45.62283268,Montreal,562,445,589,584,472,371,417,514,471,569,604,134,217,301,384,467,584,716,539,491,693,805,487,572,535,492,311,493,573,720,504
-73.59694464,45.63846188,Montreal,485,515,436,360,342,382,361,352,386,449,531,298,358,418,478,538,530,543,531,424,457,643,864,783,644,660,384,538,586,720,500
-73.59915488,45.51601773,Montreal,1164,396,735,560,527,493,549,654,680,682,741,259,342,425,508,591,649,847,600,450,486,744,411,628,686,545,396,567,893,1440,622
-73.51189267,45.58089885,Montreal,195,303,384,64,121,46,161,134,199,223,238,19,96,173,251,328,354,362,146,154,315,533,261,330,249,113,69,314,474,864,249
-73.55732618,45.48732508,Montreal,507,400,445,248,376,288,407,467,464,556,540,67,181,294,408,521,446,519,414,393,432,615,384,455,425,496,398,447,539,720,428
-73.62268063,45.52966408,Montreal,1080,805,907,813,827,734,770,828,908,789,887,432,565,698,830,963,789,944,801,704,850,927,960,860,833,791,642,832,935,1008,824
-73.69477937,45.50466835,Montreal,185,238,244,104,225,290,196,209,227,220,312,302,292,283,273,263,218,275,373,284,273,300,130,258,270,362,292,237,303,432,262
-73.70163862,45.49920914,Montreal,,,,,,,,,,,,,,,,,,,,,,,,,,,,,,,
-73.55664504,45.5049267,Montreal,1544,1061,882,1224,1200,1165,1081,875,411,634,989,1075,1128,1181,1233,1286,1084,1034,1335,1328,1169,1083,1166,1033,1078,1204,109,115,322,864,996
-73.72411772,45.49482929,Montreal,290,278,343,112,125,38,244,347,259,288,269,19,94,169,244,319,362,308,89,73,309,405,309,368,295,92,60,286,431,720,252
-73.66321185,45.50795357,Montreal,744,246,306,88,125,54,167,175,193,191,111,19,85,151,217,283,358,323,276,278,325,444,254,347,329,226,274,401,435,576,267
-73.57233274,45.49659583,Montreal,1111,603,857,840,950,493,503,812,907,1160,843,538,637,736,835,934,841,735,718,610,628,884,501,851,882,891,879,706,1079,1584,818
-73.62745919,45.49864943,Montreal,1369,953,1001,1024,860,815,849,949,989,746,683,163,304,444,585,725,698,813,556,507,797,953,1001,955,958,737,768,975,1200,1872,842
-73.60439574,45.46910441,Montreal,,,,,,,,,,,,,,,,,,,,,,,,,,,,,,,
-73.66865384,45.55447942,Montreal,442,625,640,528,652,570,476,570,526,538,541,202,339,476,614,751,475,561,428,438,495,539,597,485,543,533,337,505,701,1296,547
-73.58172924,45.49656382,Montreal,1224,740,680,664,689,669,476,587,777,909,1025,518,624,730,835,941,1018,1024,704,894,744,909,823,922,971,866,779,883,852,864,811
-73.57813152,45.51163202,Montreal,245,361,319,360,211,174,202,186,184,239,230,125,233,340,448,556,428,515,335,235,418,544,432,640,655,255,106,302,439,720,348
-73.58931971,45.51676438,Montreal,564,476,500,696,686,703,591,675,533,632,281,89,255,422,588,755,580,785,590,576,555,590,651,535,612,457,342,476,583,864,555
-73.65739409,45.56112189,Montreal,730,714,934,832,808,732,678,834,820,877,842,691,693,696,698,700,1004,895,994,825,739,976,706,883,897,884,645,848,1012,1008,820
-73.70636702,45.502168,Montreal,862,473,631,944,540,446,459,527,609,635,642,675,707,740,772,804,675,873,720,584,790,732,706,839,698,389,259,475,762,1296,675
-73.74828909,45.49981422,Montreal,856,453,523,208,152,219,371,405,380,420,566,48,179,310,440,571,255,244,63,37,158,314,254,277,209,131,64,232,499,1008,328
-73.54772808,45.52353838,Montreal,535,417,563,376,346,297,426,457,568,604,547,67,203,339,475,611,555,609,519,404,442,704,254,599,534,226,134,365,365,365,430
-73.59994199,45.52119562,Montreal,1170,1131,1041,1448,1201,1197,854,430,339,345,482,269,337,405,473,541,440,523,477,442,275,367,405,396,438,487,259,238,189,144,558
-73.57227212,45.57113929,Montreal,660,537,536,384,428,257,476,548,272,432,588,744,900,1056,1212,1368,48,,,,,,,,,,,,,,614
-73.714322,45.5264611,Montreal,385,523,534,440,425,726,395,420,415,571,589,288,345,401,458,514,511,434,546,491,465,874,1118,1124,1047,993,1004,950,875,1008,629
-73.56110003,45.51531626,Montreal,262,268,244,304,257,195,150,217,239,277,331,77,128,180,232,283,244,270,266,227,213,333,233,253,316,208,147,207,363,576,250
-73.56391104,45.47108665,Montreal,247,193,216,169,144,157,161,158,191,218,310,67,121,175,229,283,228,253,219,237,255,249,288,205,249,215,154,192,221,288,210
-73.64702599,45.44230852,Montreal,473,254,416,224,271,322,294,373,311,525,510,62,136,210,284,358,276,374,353,308,397,473,350,373,358,471,291,355,278,288,332
-73.66358006,45.44461279,Montreal,1061,553,689,560,528,445,512,623,600,833,832,125,259,393,527,660,543,833,623,542,829,998,490,843,733,601,394,750,1009,1728,671
-73.53342,45.54767,Montreal,959,343,589,144,378,294,344,463,445,523,548,90,197,303,410,516,614,668,406,378,520,827,338,559,486,385,210,413,712,1440,483
-73.59277193,45.52304705,Montreal,1032,307,1359,1392,799,413,619,1000,752,1069,1231,739,860,980,1101,1222,883,1141,1097,1140,925,937,1323,972,1122,1190,765,837,949,1584,991
-73.58529771,45.5378872,Montreal,606,512,652,560,611,620,611,636,703,841,720,192,302,411,521,631,695,831,761,679,699,870,576,671,613,674,560,659,827,1296,651
-73.59730105,45.57760689,Montreal,667,499,647,336,340,320,455,459,416,504,534,48,160,272,384,497,413,572,446,389,508,710,453,524,452,438,346,493,670,1152,470
-73.60496073,45.58440736,Montreal,1310,1477,1629,1352,1691,1768,1452,1191,1094,1144,1155,1152,1112,1073,1033,993,1230,1249,1320,1365,1411,1278,1406,1260,1150,1286,1064,1064,1064,1064,1261
-73.56303742,45.53076111,Montreal,1570,852,895,560,716,806,866,944,1051,1290,1105,355,492,629,767,904,1320,1325,1081,1089,1182,1485,1056,1335,1399,1373,1053,1016,659,720,997
-73.57822,45.52182,Montreal,990,506,596,648,699,587,453,415,462,578,587,605,608,610,613,616,639,605,649,623,493,667,680,693,661,608,548,519,566,720,608
-73.76008877,45.50789555,Montreal,738,264,334,310,287,263,307,340,279,301,343,115,156,197,237,278,364,511,367,410,395,572,322,430,392,51,51,109,182,432,311
-73.58069187,45.58312388,Montreal,615,572,740,672,496,555,510,512,576,740,776,259,,,,,,1036,937,974,879,894,837,824,912,914,540,629,740,1152,732
-73.5816201,45.59487133,Montreal,1122,662,914,504,529,407,639,669,681,760,733,182,307,431,556,680,753,747,610,570,756,982,734,773,781,603,414,701,845,1296,678
-73.56298671,45.49541721,Montreal,343,301,310,288,224,198,200,313,310,403,309,125,169,214,258,303,282,303,227,223,198,211,302,265,198,415,187,189,274,288,261
-73.56046195,45.51372807,Montreal,394,177,199,16,205,472,447,699,637,872,189,296,404,511,618,725,895,945,923,887,766,1049,802,946,918,546,327,494,561,1008,598
-73.63914477,45.59995756,Montreal,661,482,594,240,424,382,430,342,439,602,602,211,285,359,433,506,606,672,464,466,518,696,631,701,593,511,423,644,814,1440,539
-73.56311,45.50193,Montreal,,,,,,,,,,,,,,,,,,,,,,,,,,,,,,,
-73.56529,45.50076,Montreal,1245,868,1046,704,866,735,716,810,1017,1083,987,369,456,542,629,715,1060,986,714,854,924,1103,641,967,967,774,700,789,1081,1440,860
-73.58194577,45.50454993,Montreal,,,36,24,13,6,2,17,16,22,29,10,17,24,31,38,14,18,26,12,28,27,27,23,21,24,15,20,20,20,21
-73.55737,45.4968,Montreal,282,319,375,336,225,205,209,269,253,510,450,99,164,228,293,358,548,544,404,331,330,590,187,426,426,329,267,407,399,144,330
-73.61179,45.59901,Montreal,1407,815,1017,712,864,645,815,823,745,803,864,144,281,417,554,690,668,871,832,788,870,1010,835,860,892,765,724,984,1119,1296,804
-73.65046,45.5669,Montreal,844,1000,1030,560,557,767,935,955,924,1016,1037,450,560,669,779,889,1056,1202,1076,992,1018,1158,886,1087,1004,901,863,1036,1111,1296,922
-73.58595039,45.52534177,Montreal,690,866,751,920,803,710,589,713,755,875,841,720,738,756,774,792,968,762,744,730,787,917,933,948,750,676,490,629,600,720,765
-73.58291907,45.5239635,Montreal,440,363,416,576,484,408,298,348,394,403,807,970,963,957,950,943,1119,1073,1008,907,987,1109,1152,1194,925,1039,807,930,944,1152,802
-73.58466365,45.52197369,Montreal,746,494,558,1304,962,654,440,651,684,766,854,931,900,868,836,804,654,751,817,791,605,665,912,646,770,858,719,478,642,1296,769
-73.56746197,45.5169099,Montreal,1045,896,950,1000,1127,856,659,739,972,1053,714,816,755,694,632,571,661,835,675,862,824,827,830,776,738,665,723,622,783,1152,815
-73.57871991,45.49967071,Montreal,1010,913,1017,1048,1046,868,826,828,889,983,1018,672,750,828,905,983,819,846,600,669,741,1085,919,900,1025,776,254,452,378,432,816
-73.57846805,45.50401383,Montreal,192,201,210,88,35,43,140,148,160,112,38,34,31,27,23,19,2,9,7,6,4,4,4,4,4,4,1,4,4,4,52
-73.5481101,45.57469944,Montreal,690,572,620,472,547,463,448,610,766,802,743,288,377,467,556,646,652,647,732,748,699,777,535,726,678,682,404,600,670,720,611
-73.5479594,45.52055012,Montreal,1418,930,1112,384,913,650,845,1030,1037,990,985,202,336,471,605,740,989,1057,951,797,1006,1513,789,1086,1095,808,472,983,1360,2736,943
-73.55985,45.4974,Montreal,130,220,215,64,119,100,86,156,233,180,185,45,116,186,257,328,180,194,142,142,159,211,72,140,118,99,53,141,569,1728,219
-73.57938069,45.51696241,Montreal,1393,881,1059,1384,1313,1021,1025,839,1008,1003,1140,963,984,1005,1027,1048,1062,1150,1103,864,912,915,1325,1156,1156,1036,834,1057,858,1584,1070
-73.58279865,45.51683047,Montreal,1346,1049,1108,944,1012,1040,864,1033,984,1100,1098,945,907,870,832,794,1256,1267,1026,957,1078,1259,1051,1213,1176,1082,970,1157,1100,1296,1060
-73.62528752,45.61170897,Montreal,221,264,304,176,155,148,214,286,240,434,304,405,469,533,597,660,786,860,967,986,934,903,1051,892,796,870,828,825,649,288,568
-73.55576,45.49621,Montreal,383,361,479,568,367,377,313,557,424,615,553,306,333,359,386,412,426,634,487,410,493,515,526,509,555,511,273,384,448,576,451
-73.64023,45.55062,Montreal,1312,894,806,688,910,934,751,858,837,879,926,540,611,682,753,824,886,970,1008,880,620,852,785,705,604,876,829,801,723,720,815
-73.58548247,45.4682302,Montreal,286,167,230,104,108,103,140,234,187,220,218,18,76,133,191,248,254,251,110,107,217,223,166,211,191,131,86,153,153,153,169
-73.65977643,45.56767565,Montreal,794,566,680,656,574,516,316,455,404,546,535,346,408,470,533,595,548,578,537,566,524,658,357,472,417,545,386,496,384,576,515
-73.56912932,45.49506762,Montreal,1330,740,1019,728,1033,389,401,833,898,1032,765,1123,1174,1224,1274,1325,1194,916,777,830,883,936,603,1019,858,1353,651,442,569,720,901
-73.49270712,45.63506236,Montreal,744,881,806,906,921,1015,798,944,935,1164,1190,441,516,590,665,740,1000,997,1300,1362,1071,1059,972,1006,957,1016,882,918,763,432,900
-73.51851,45.57335,Montreal,343,325,316,112,123,113,186,193,256,477,387,36,119,202,285,367,294,317,156,148,296,363,245,209,168,129,51,181,239,432,236
-73.51978,45.57198,Montreal,,,,,,,,,,,,,,,,,,,,,,,,,,,,,,,
-73.51007407,45.58297354,Montreal,124,126,262,128,115,96,190,212,168,194,205,221,237,252,268,283,478,494,354,395,168,221,115,157,148,267,76,151,219,432,225
-73.52663303,45.55875216,Montreal,310,383,349,136,284,280,288,538,269,451,442,99,162,226,289,353,412,408,334,339,302,521,346,653,546,328,240,447,486,864,370
-73.53198096,45.55000181,Montreal,483,513,423,456,434,257,474,608,570,630,625,63,199,334,470,606,756,806,462,312,618,793,446,620,512,257,162,290,856,1728,525
-73.52953722,45.55398873,Montreal,511,395,478,256,319,301,388,479,460,587,547,243,344,444,545,646,540,430,231,215,310,414,223,545,507,339,303,371,346,144,395
-73.53800392,45.54058529,Montreal,580,613,777,232,514,467,547,642,636,650,654,225,354,482,611,740,674,689,592,590,558,945,547,651,662,530,304,529,1005,1872,629
-73.52366,45.56493,Montreal,955,479,563,328,391,253,407,381,484,587,578,108,160,213,265,318,596,667,507,487,608,854,353,522,509,395,248,408,408,408,448
-73.61282241,45.52690879,Montreal,1014,779,831,400,355,568,650,695,733,754,808,576,597,618,639,660,815,761,655,568,852,1020,693,945,806,748,505,730,1073,1152,733
-73.54661,45.52258,Montreal,272,414,602,336,405,171,311,489,389,605,518,144,237,330,423,516,558,716,507,440,570,673,446,534,482,378,124,423,633,1152,460
-73.54543461,45.52626372,Montreal,1349,598,840,552,784,697,609,690,669,771,940,513,664,815,966,1117,1130,1114,1101,1030,742,1093,1073,896,871,960,640,843,939,864,862
-73.54915654,45.51636301,Montreal,1235,221,373,200,261,230,290,273,301,494,833,441,531,620,710,799,888,986,789,710,798,1170,670,856,759,757,338,593,1076,1296,650
-73.54264,45.53386,Montreal,387,564,849,336,344,353,371,707,733,757,658,27,242,458,673,889,696,840,481,485,688,882,346,726,658,364,260,469,971,1440,588
-73.50806,45.585897,Montreal,357,341,388,192,200,125,315,385,350,467,440,63,152,240,329,417,430,430,264,286,408,497,338,457,434,189,113,336,383,576,330
-73.509463,45.583844,Montreal,132,174,140,112,10,10,75,108,101,155,205,18,73,128,183,238,184,254,79,61,188,316,158,217,196,130,16,88,285,720,158
-73.55913,45.49692,Montreal,1241,669,829,624,730,632,480,760,775,693,712,396,519,642,766,889,800,853,649,641,652,840,677,872,843,465,447,571,852,1584,737
-73.55571,45.49574,Montreal,355,757,652,592,629,467,495,656,616,663,670,297,361,424,488,551,650,671,604,525,468,704,497,522,567,552,408,452,641,1296,574
-73.55769,45.49639,Montreal,154,207,203,104,235,198,192,324,294,283,362,63,123,183,243,303,298,445,310,272,430,507,252,374,389,260,195,395,482,1152,308
-73.55964,45.49776,Montreal,391,308,288,232,265,203,238,330,291,344,288,126,163,200,236,273,258,295,235,199,316,314,187,305,245,332,152,251,251,251,259
-73.59849009,45.53101937,Montreal,790,434,558,776,1016,940,803,716,739,715,669,173,307,442,576,710,639,614,632,650,668,686,363,219,,,,,,,618
-73.56246,45.49915,Montreal,495,525,617,328,376,394,336,534,582,696,671,189,323,457,591,725,632,660,487,420,608,765,590,599,542,947,508,431,486,432,532
-73.54456,45.52885,Montreal,730,402,694,416,469,436,499,712,665,744,791,216,346,475,605,735,694,820,608,600,657,939,655,749,693,476,277,519,1098,1872,653
-73.55420061,45.49501575,Montreal,513,562,652,352,428,417,288,582,647,816,812,216,335,453,572,690,754,826,582,663,572,994,547,714,682,489,339,478,878,1440,610
-73.53489,45.54543,Montreal,345,479,563,312,368,169,263,385,510,568,515,81,233,386,538,690,684,700,471,424,578,765,547,643,623,334,275,542,732,1152,496
-73.512194,45.585811,Montreal,61,37,31,24,16,4,50,76,146,98,131,123,114,106,98,89,106,135,112,28,148,140,29,100,86,39,20,71,200,288,90
-73.537766,45.59235,Montreal,846,609,735,440,379,278,417,632,693,680,755,106,257,407,558,709,860,707,399,412,546,763,418,686,310,137,127,589,864,1440,559
-73.59382,45.59985,Montreal,1410,814,952,934,730,711,787,974,891,988,909,243,437,632,826,1020,789,870,947,743,961,1075,1224,966,989,845,692,850,961,1296,882
-73.58053,45.51581,Montreal,,,,,,,,,,,,,,,,,,,,,,,,,,,,,,,
-73.756247,45.503616,Montreal,690,317,518,220,265,78,242,419,313,385,406,9,178,348,517,686,422,459,201,224,400,636,346,422,367,268,138,390,497,720,369
-73.757075,45.503463,Montreal,418,503,768,178,336,197,488,531,465,507,509,19,204,390,575,760,619,582,379,341,498,819,324,707,498,421,241,439,800,1296,494
-73.71934,45.44432,Montreal,523,348,470,390,335,487,229,404,441,452,596,202,345,487,630,772,513,758,760,595,513,726,243,555,550,691,507,460,450,432,495
-73.56626564,45.56923028,Montreal,670,726,731,432,576,541,503,678,753,662,730,202,320,439,558,677,726,656,529,527,812,915,518,712,679,585,387,620,818,1296,633
-73.55992783,45.57858867,Montreal,382,387,539,457,238,226,330,481,441,475,511,106,204,302,401,499,473,441,282,239,492,609,343,524,436,263,236,401,535,720,399
-73.53416712,45.56818342,Montreal,498,346,369,449,512,399,277,226,295,359,415,58,126,195,264,333,473,459,499,516,481,432,302,413,379,297,248,209,209,209,342
-73.5235,45.56501,Montreal,915,564,801,504,595,349,407,460,354,558,591,108,226,344,463,581,782,842,635,686,700,917,727,755,713,555,289,505,459,288,556
-73.70139649,45.53654354,Montreal,318,264,315,168,305,282,275,311,250,291,366,125,215,305,396,486,332,363,361,288,331,454,267,378,303,333,357,488,742,1152,361
-73.62256856,45.48090938,Montreal,1722,1282,1089,896,1192,317,973,1194,1040,1330,980,221,378,535,692,849,1166,1280,1154,953,1071,1333,789,1271,1167,1134,1008,1424,1560,2304,1077
-73.64357248,45.5796632,Montreal,,,988,680,783,758,722,767,795,781,912,691,670,648,626,605,925,1159,1324,1101,868,1024,624,835,961,1078,899,894,891,720,847
-73.62923452,45.48349431,Montreal,1070,587,418,248,332,313,369,400,397,683,687,451,527,603,679,755,602,656,505,554,582,627,411,557,488,472,391,485,477,576,530
-73.58011768,45.50820623,Montreal,366,487,529,120,177,88,129,153,195,256,290,48,174,300,425,551,648,629,436,362,235,187,144,146,136,174,121,174,326,720,291
-73.53807891,45.56987614,Montreal,928,974,922,272,328,313,368,449,432,430,508,96,169,242,314,387,564,515,381,434,477,645,370,589,542,452,287,408,715,1008,484
-73.66069548,45.49879224,Montreal,374,325,230,136,191,86,173,376,404,568,581,38,225,412,598,785,504,416,513,492,566,785,405,553,265,343,422,500,578,432,409
-73.53622816,45.65235542,Montreal,236,223,238,48,115,78,152,203,218,246,230,38,98,158,218,278,273,303,138,114,245,320,89,257,206,110,80,218,617,1440,240
-73.5050713,45.66936676,Montreal,248,284,358,232,242,218,265,254,244,363,286,125,147,169,191,214,204,216,148,166,195,258,350,405,378,299,268,293,289,432,258
-73.58625007,45.54650724,Montreal,1222,883,1063,872,816,637,576,742,623,681,770,499,530,560,590,621,836,965,858,925,915,992,542,834,862,813,622,695,617,576,758
-73.54436,45.52954,Montreal,782,831,919,720,662,503,701,800,834,951,931,250,403,557,710,864,994,1074,961,874,1030,1382,878,1099,944,519,389,798,1308,2016,856
-73.56477171,45.49293431,Montreal,696,183,405,1200,1212,1218,1143,1207,1209,1141,1271,751,882,1013,1145,1276,1128,1211,1262,1264,1241,1162,1269,1114,1116,1324,1071,1109,1085,1296,1087
-73.56943527,45.51249945,Montreal,1146,701,629,1016,999,851,557,733,794,809,959,1190,1091,992,893,794,770,851,1148,1191,931,950,968,987,1093,1023,670,840,617,288,883
-73.59135705,45.52237521,Montreal,886,548,640,728,611,539,499,625,627,616,652,422,494,566,638,710,688,669,578,600,535,568,528,580,567,517,531,531,688,1152,618
-73.62919232,45.54258753,Montreal,626,514,543,488,595,459,329,436,449,539,563,125,249,373,497,621,626,649,572,773,842,949,754,885,793,745,668,825,925,1296,624
-73.57954928,45.48381012,Montreal,700,529,596,528,407,346,415,510,720,730,816,374,491,607,723,839,792,910,700,655,765,945,672,822,802,715,612,671,978,1296,689
-73.64215662,45.50531368,Montreal,796,369,394,224,294,300,319,349,295,400,371,38,122,205,289,372,416,491,371,359,410,520,315,460,438,321,246,413,388,288,352
-73.59611188,45.49536614,Montreal,806,562,585,408,436,366,351,419,454,454,540,288,366,444,523,601,560,607,525,566,602,722,542,632,593,505,265,448,469,720,512
-73.72178414,45.53122358,Montreal,1500,1474,1400,1144,1486,1609,1288,1336,1362,1463,1558,1661,1616,1570,1525,1480,1556,1693,1823,1769,1658,1726,1515,1490,1429,586,776,1156,1170,1584,1447
-73.6148144,45.61712991,Montreal,848,821,821,696,787,771,722,815,777,757,871,509,528,547,566,586,816,882,903,829,742,897,828,774,808,775,573,552,615,864,743
-73.65986199,45.54697314,Montreal,1052,430,290,1000,760,856,814,747,878,808,968,605,733,861,989,1117,950,961,1008,984,862,901,1118,770,795,1078,979,993,1171,1728,907
-73.63532861,45.53197745,Montreal,,,,,,,843,849,797,925,859,662,725,788,851,914,1002,995,955,987,1049,1132,871,961,923,1016,1009,1133,1454,2304,1000
-73.63134488,45.538901,Montreal,814,866,923,816,814,728,603,788,804,503,838,298,393,487,582,677,810,1032,793,838,754,854,953,745,879,843,726,783,986,1152,769
-73.64757682,45.56570027,Montreal,1394,1172,1300,1496,1363,1175,1296,1444,1573,1487,1473,835,985,1135,1285,1435,1434,1376,1367,1288,1211,1557,1385,1277,1158,1343,1028,1126,1320,1872,1320
-73.66247922,45.56262563,Montreal,522,631,691,576,699,609,607,743,791,783,952,816,737,657,578,499,968,769,819,651,695,708,446,854,830,891,644,697,949,1008,727
-73.51387491,45.64378426,Montreal,964,576,749,408,505,362,538,567,668,654,712,144,302,459,617,775,676,806,750,564,850,986,357,833,714,626,306,646,870,1440,647
-73.62896983,45.46372471,Montreal,1458,1317,1166,1016,1279,1139,1201,879,989,1290,1240,365,470,575,680,785,956,969,990,838,860,990,706,949,838,859,520,570,977,1152,934
-73.60882901,45.47431102,Montreal,1398,1253,1264,1048,1038,901,1094,1217,1094,1239,1206,528,637,746,854,963,1095,1318,986,921,1235,1462,1111,1277,1231,1093,692,972,1162,1728,1092
-73.54022426,45.59420037,Montreal,808,552,656,232,432,417,526,599,553,456,559,29,143,257,371,485,501,552,416,428,538,768,370,520,550,374,334,534,782,1296,501
-73.62153528,45.56907905,Montreal,926,1274,1261,1024,1509,1424,1135,1065,1112,1150,1222,970,952,934,916,899,1008,1278,1274,1205,1300,1229,1015,1183,1092,1174,1093,1152,935,432,1105
-73.56824955,45.54952027,Montreal,,,,,,,,,,,,,,,,,,,,,,,,,,,,,,,
-73.56734572,45.50189193,Montreal,654,663,629,792,766,636,691,764,845,953,942,432,529,626,722,819,800,866,817,677,728,933,734,902,929,707,495,771,898,1008,758
-73.55442428,45.56534132,Montreal,1036,661,687,408,451,376,597,747,817,697,727,192,333,473,614,755,818,659,473,400,562,645,590,607,505,411,327,451,724,1296,601
-73.55852,45.53555,Montreal,884,868,1152,1048,1247,1002,943,1191,1070,1112,1316,749,836,923,1010,1097,904,1165,1014,923,1006,1438,837,1124,1089,1134,771,712,1024,1296,1030
-73.6221,45.55408,Montreal,650,696,612,312,320,278,211,250,266,345,303,192,355,518,681,844,666,735,704,647,708,817,741,773,625,371,477,475,475,475,517
-73.58937,45.54301,Montreal,874,990,896,608,1008,895,998,1074,1051,1178,1264,1344,1243,1141,1040,938,1340,1431,1535,1339,1266,1233,1084,1066,1193,1622,1248,1151,1090,576,1124
-73.49988,45.68401,Montreal,118,183,137,112,114,95,159,144,139,188,180,29,76,124,171,218,178,210,118,152,164,170,206,188,120,120,79,137,198,288,151
-73.58133,45.62533,Montreal,,,,,,,,,,,,,,,,,,,,,,,,,,,,,,,
-73.55580602,45.50879956,Montreal,490,339,452,254,279,230,152,186,266,301,385,96,189,282,375,468,447,549,402,419,524,754,302,555,451,699,371,292,438,1008,399
-73.57511109,45.51504242,Montreal,406,365,377,504,430,325,323,356,394,424,443,374,406,438,470,502,468,430,440,404,308,387,398,359,396,408,274,306,289,432,395
-73.63644,45.47675,Montreal,682,711,664,456,855,730,526,591,612,668,666,384,389,393,398,402,726,711,838,795,632,790,439,726,639,729,523,510,594,144,597
-73.61824,45.5348,Montreal,882,737,621,912,736,704,611,731,706,848,836,403,571,738,905,1073,1368,1148,1229,978,1026,1172,1262,1198,1154,1255,1139,1169,901,864,929
-73.63889691,45.429114,Montreal,664,358,481,,,,,,,,,,,,,,,,,,,,,,,,,,,,501
-73.64793272,45.5435415,Montreal,1680,911,908,864,935,534,824,839,826,800,1037,135,282,430,577,725,842,1104,835,799,923,1045,821,781,1032,815,607,809,1081,1440,841
-73.622167,45.580278,Montreal,248,106,156,53,68,38,56,62,47,61,81,9,22,34,47,60,38,37,171,497,565,670,504,538,568,469,277,400,738,1296,264
-73.71216292,45.52486874,Montreal,1116,1076,1063,928,1029,925,891,937,1001,1252,1123,672,745,818,890,963,1116,1320,923,959,998,1203,929,1122,1106,916,788,968,981,720,983
-73.59702431,45.58743225,Montreal,992,520,585,336,514,411,465,580,503,594,571,125,256,388,519,651,410,375,296,251,284,430,247,379,408,244,190,259,474,720,433
-73.56513705,45.53511968,Montreal,310,337,404,216,256,188,282,380,423,414,438,346,354,361,369,377,546,487,375,347,525,505,295,362,438,308,86,165,400,576,362
-73.64236233,45.48934119,Montreal,1066,747,698,648,733,592,710,889,758,944,945,365,506,648,790,931,892,1118,907,846,992,720,744,768,976,936,682,965,979,1584,836
-73.57603418,45.57230984,Montreal,482,493,545,552,629,572,478,542,454,525,663,405,453,501,549,597,554,626,722,556,493,633,511,589,641,531,369,517,605,720,550
-73.60209,45.59326,Montreal,623,460,523,360,467,401,376,428,463,459,576,162,237,312,387,462,620,643,566,615,546,631,511,589,612,554,477,476,489,576,487
-73.65113,45.54449,Montreal,744,404,515,368,313,267,411,428,483,636,635,96,236,376,516,655,759,694,702,509,643,759,363,599,526,546,273,610,863,1440,546
-73.57862474,45.49019524,Montreal,199,370,348,432,589,253,312,333,359,514,389,329,328,327,326,325,385,455,532,508,332,333,302,394,385,660,321,324,424,720,394
-73.59180183,45.49500355,Montreal,402,434,531,456,298,292,467,525,472,561,560,125,221,318,415,511,502,532,398,320,428,542,322,459,404,392,328,503,503,503,424
-73.56272557,45.55719248,Montreal,486,430,505,305,385,395,315,392,397,403,590,701,646,591,536,482,500,563,845,757,669,580,336,486,468,495,323,376,734,1584,543
-73.57383908,45.5607702,Montreal,228,302,421,184,292,239,528,1006,972,531,189,58,100,142,184,226,198,333,209,318,336,430,240,351,352,308,128,287,608,1440,371
-73.57228394,45.49253383,Montreal,352,261,281,162,273,165,116,122,149,172,191,48,89,131,172,214,238,218,247,185,209,231,206,231,200,184,99,189,274,720,211
-73.60844292,45.54090404,Montreal,712,632,628,414,409,413,493,640,653,701,653,307,378,449,520,591,674,794,674,633,722,632,473,538,580,558,269,462,506,864,566
-73.57754652,45.49116363,Montreal,614,615,527,494,525,397,469,619,665,743,790,1141,978,816,653,491,705,698,1103,1088,708,755,614,713,834,1075,780,573,573,573,711
-73.58757616,45.46367635,Montreal,420,455,607,378,340,447,389,430,471,592,571,346,414,483,552,621,647,713,755,718,754,817,761,750,733,715,542,417,336,576,558
-73.67726987,45.50433775,Montreal,500,372,396,226,252,470,349,298,340,558,536,48,148,248,348,449,472,626,486,378,416,557,288,419,391,390,321,470,530,864,405
-73.55099349,45.57049738,Montreal,,,,,,,,,,,,,,,,,,,,,,,,,,,,,,,
-73.5256524,45.59076184,Montreal,144,200,193,72,104,80,131,186,116,136,139,58,99,140,181,223,264,236,148,166,276,355,178,345,292,217,85,163,179,288,180
-73.56194075,45.470369,Montreal,387,454,485,390,290,327,383,403,434,478,525,67,193,319,445,571,395,565,344,391,467,473,350,470,401,320,284,353,613,1440,434
-73.82166047,45.50856594,Montreal,379,116,173,184,165,219,169,201,169,207,252,258,263,268,273,278,228,277,195,142,214,316,322,356,342,288,115,221,223,288,237
-73.57894554,45.4633031,Montreal,274,194,297,96,65,104,125,182,205,260,304,38,88,138,188,238,335,270,134,132,360,466,343,339,273,129,96,253,155,144,208
-73.56718,45.50203,Montreal,1272,993,968,1024,1083,986,945,1129,1163,1275,1193,459,537,614,692,770,1276,1102,942,1057,1016,1176,1080,1179,1143,1089,958,937,1118,1440,1021
-73.57156916,45.50403625,Montreal,808,310,452,186,319,257,346,421,427,476,392,115,196,276,357,437,508,351,359,318,335,483,295,413,516,771,988,1314,1591,2160,539
-73.67107197,45.55600085,Montreal,674,463,521,220,397,366,388,352,394,372,326,38,144,250,356,462,522,600,306,217,327,562,384,507,464,423,347,541,668,1440,434
-73.6255511,45.58162406,Montreal,896,708,798,640,730,636,634,697,785,770,808,96,256,415,575,734,938,1141,769,637,910,1053,898,954,914,809,634,801,1105,1872,787
-73.63930529,45.59274546,Montreal,486,566,685,360,390,421,451,509,533,605,680,96,322,547,773,998,892,964,812,681,752,965,679,925,776,852,772,754,977,1584,694
-73.59261882,45.44529077,Montreal,786,446,475,459,367,322,385,413,350,610,626,48,181,314,448,581,481,799,566,525,653,848,535,662,696,635,450,637,759,1008,536
-73.58732674,45.56495943,Montreal,580,601,549,441,461,394,254,350,327,340,358,202,273,344,415,487,464,580,512,481,580,773,603,686,690,654,542,545,600,432,484
-73.58141825,45.48268698,Montreal,,,,,,,,,,,,,,,,,,,,,,,,,,,,,,,
-73.58348198,45.56371744,Montreal,442,490,463,1000,1427,1658,532,446,498,589,704,477,513,549,585,621,761,742,1075,1024,783,915,526,718,684,1132,705,490,498,432,716
-73.61198114,45.47253336,Montreal,854,712,693,240,467,301,614,716,769,907,819,874,805,737,669,601,903,947,882,759,787,953,871,870,906,927,495,534,713,1152,749
-73.628224,45.582798,Montreal,921,449,517,328,438,263,317,399,438,502,540,38,177,315,453,591,498,613,498,325,467,696,398,548,522,461,298,436,800,1440,490
-73.61219265,45.5101744,Montreal,266,220,301,184,225,181,246,227,235,222,264,182,203,223,243,263,358,346,270,190,272,275,185,284,234,202,186,298,298,298,246
-73.54602,45.52273,Montreal,792,690,821,504,582,500,609,716,701,754,728,115,275,434,594,754,738,764,550,503,552,841,459,820,756,535,225,458,871,1728,646
-73.58797206,45.49128247,Montreal,324,331,399,216,234,163,357,460,859,901,1134,346,488,630,772,914,844,1152,978,941,880,1038,720,847,803,847,689,801,811,1152,701
-73.5640035,45.4977818,Montreal,882,304,463,136,181,146,275,390,473,448,455,54,147,241,334,427,560,496,140,150,366,704,252,551,359,474,199,353,412,432,360
-73.603399,45.5261291,Montreal,799,838,799,889,876,968,950,919,1057,1107,968,981,962,942,923,904,968,1001,909,742,784,862,742,916,900,762,468,504,751,864,869
-73.5667539,45.496755,Montreal,450,355,452,407,408,294,349,472,600,702,437,297,399,501,603,705,568,704,345,353,426,554,403,524,486,665,391,333,444,576,473
-73.567818,45.505393,Montreal,420,282,303,424,335,212,349,337,336,323,320,261,279,297,315,333,290,322,387,258,254,329,281,305,307,299,203,271,409,720,325
-73.568255,45.504713,Montreal,724,375,345,263,231,161,275,277,299,291,296,36,110,184,259,333,344,343,408,270,300,329,410,336,352,270,172,252,258,288,293
-73.568813,45.504194,Montreal,107,136,172,93,110,81,240,265,297,328,304,72,137,202,268,333,292,308,312,241,310,272,382,338,353,217,165,211,193,144,229
-73.569264,45.503775,Montreal,1572,963,1130,881,740,541,766,885,1011,1083,1023,90,141,191,242,293,334,361,314,316,312,404,302,351,346,292,268,293,367,576,546
-73.5653124,45.4961033,Montreal,286,213,345,229,146,121,150,191,297,262,235,45,113,181,250,318,236,368,146,95,174,276,187,207,243,379,162,186,348,720,237
-73.5710673,45.5017949,Montreal,126,227,260,373,268,106,188,208,196,218,236,27,61,95,130,164,224,332,237,63,90,124,65,119,125,246,158,164,375,864,202
-73.5715877,45.5012784,Montreal,,,,,,,,,,,,,,,,,,,,,,,,,,,,,,,
-73.5907788,45.4704629,Montreal,343,308,358,229,191,154,246,259,255,257,260,81,130,179,229,278,276,313,239,195,232,296,202,288,249,225,167,232,315,576,252
-73.5968544,45.5689544,Montreal,615,627,524,347,527,513,457,601,597,747,644,333,390,447,504,561,708,640,578,543,564,783,389,507,475,594,438,590,693,1296,574
-73.5655408,45.5580843,Montreal,377,398,373,212,387,344,265,248,305,403,411,234,272,311,349,387,428,545,584,535,450,610,338,374,398,624,312,344,467,720,400
-73.5684064,45.5590182,Montreal,278,304,441,280,582,524,253,290,362,360,390,306,336,367,397,427,382,623,842,779,434,493,425,426,473,856,644,416,491,1008,473
-73.5588496,45.5559439,Montreal,367,333,316,313,452,530,284,330,241,363,333,351,335,320,304,288,356,421,606,688,324,420,266,369,338,611,344,245,223,144,361
-73.6167261,45.5777367,Montreal,513,369,554,195,349,338,288,227,391,408,451,72,164,257,349,442,468,549,507,436,496,675,274,503,630,510,427,407,709,1440,447
-73.575915,45.5614215,Montreal,335,93,116,119,75,77,46,243,358,477,435,90,168,246,324,402,438,483,418,361,388,515,353,413,447,464,284,464,415,288,311
-73.6140466,45.5765339,Montreal,789,337,548,364,424,378,424,489,596,541,592,198,288,377,467,556,822,813,574,462,642,892,396,632,641,609,392,483,754,1296,559
-73.6106699,45.575056,Montreal,736,353,456,457,302,331,209,286,260,312,312,36,144,251,359,467,356,494,304,383,486,535,338,336,396,427,311,385,478,720,374
-73.7859957,45.5049919,Montreal,448,316,412,220,261,292,296,438,340,419,500,72,183,293,404,514,434,585,363,311,390,369,324,319,374,778,634,804,869,1296,442
-73.6373867,45.5909187,Montreal,617,533,794,407,714,553,401,472,446,584,673,54,178,303,427,551,638,687,675,637,524,848,482,618,598,746,582,596,805,1152,577
-73.6336393,45.5873679,Montreal,1120,858,975,695,1053,868,814,896,859,928,950,297,445,593,741,889,966,1152,1081,854,916,1136,828,995,795,726,329,662,868,1296,853
-73.6325302,45.5863359,Montreal,1176,1032,1145,932,979,899,879,849,997,1042,1023,504,692,880,1068,1256,1062,1265,1115,1004,1132,1113,994,1094,944,981,993,1042,1081,1584,1025
-73.6298812,45.5838158,Montreal,996,653,683,576,636,518,536,542,777,790,751,288,387,487,586,685,916,1035,781,627,716,813,446,570,655,764,568,768,991,1584,704
-73.5631791,45.530004,Montreal,1345,1182,1396,864,1082,876,1043,1120,1150,1051,1024,702,719,736,753,770,1050,1179,1103,921,894,1158,742,1125,1189,1020,813,864,1337,1728,1031
-73.5563932,45.5951501,Montreal,355,239,406,237,181,154,208,192,321,334,440,18,102,185,269,353,432,516,413,400,306,466,288,374,361,272,127,246,432,720,312
-73.5530955,45.5144387,Montreal,830,600,685,203,319,245,360,358,449,475,595,315,378,441,503,566,444,494,452,584,550,830,648,774,770,845,602,724,835,1152,568
-73.5531591,45.5325044,Montreal,556,527,504,93,72,64,401,646,669,654,568,36,173,311,448,586,496,527,79,77,442,783,86,184,82,32,30,211,211,211,325
-73.5396758,45.5666387,Montreal,546,362,359,203,169,138,269,388,293,294,337,18,99,180,261,343,359,326,167,158,316,570,331,374,309,169,145,317,647,1440,330
-73.5525676,45.5330145,Montreal,83,450,759,1152,714,535,547,932,782,818,929,306,468,630,792,953,908,888,757,834,702,860,864,768,701,617,627,503,935,1872,756
-73.5731321,45.4805469,Montreal,,,151,152,105,86,96,114,108,174,210,27,72,118,163,209,180,217,146,128,156,176,101,165,174,211,131,133,172,288,149
-73.5735854,45.4810491,Montreal,477,428,517,551,480,410,340,369,358,563,582,378,414,450,486,521,12,193,645,649,586,671,662,745,597,414,296,370,144,288,453
-73.5829834,45.4881658,Montreal,408,331,421,305,173,224,202,282,307,498,540,108,199,290,381,472,412,565,402,308,408,558,346,434,365,390,230,315,402,1008,376
-73.7789072,45.5043764,Montreal,667,494,785,559,430,444,499,618,605,618,757,153,298,444,589,735,1000,1081,866,681,794,904,720,802,913,608,547,869,1358,2160,733
-73.7102698,45.492366,Montreal,911,621,749,449,327,209,534,514,500,677,678,72,219,366,513,660,686,866,316,249,698,1091,554,653,699,326,245,596,936,1440,578
-73.74092102,45.50517265,Montreal,432,193,313,48,114,66,115,200,236,192,194,226,258,289,321,353,238,259,87,83,249,398,151,277,271,159,86,197,197,197,213
-73.6079814,45.5738608,Montreal,878,284,369,93,312,196,282,275,288,424,341,27,131,234,338,442,452,430,477,574,516,694,295,553,522,635,427,467,853,1584,446
-73.5796385,45.5625627,Montreal,566,233,384,178,226,217,257,229,260,251,228,36,80,125,169,214,162,168,278,487,424,502,288,407,318,398,224,382,579,1008,309
-73.675061,45.5340409,Montreal,815,743,792,847,781,874,720,773,756,766,767,531,558,586,613,641,915,1008,1085,821,947,964,706,762,792,922,141,241,576,1296,758
-73.57489,45.49378,Montreal,395,481,429,486,344,268,263,394,396,444,411,134,223,312,401,490,468,439,360,512,748,935,1008,813,818,744,769,724,724,724,522
-73.5553708,45.612428,Montreal,1006,606,775,491,599,773,687,771,769,835,930,405,468,532,595,658,872,937,801,714,814,1024,540,739,729,739,646,780,930,1584,758
-73.6355573,45.5892107,Montreal,529,503,716,686,706,397,432,449,548,563,615,153,277,402,526,650,614,736,570,521,576,728,677,586,582,610,448,550,778,1440,586
-73.642934,45.595767,Montreal,1342,668,744,456,452,441,265,403,389,351,444,67,165,262,360,458,501,552,367,302,415,607,267,481,411,530,271,376,484,720,452